domain,email,tier,tier_label
1000ps.at,abuse@1000ps.at,S3,Abuse / trust / safety
100hires.com,abuse@100hires.com,S3,Abuse / trust / safety
1up.ai,security@1up.ai,S2,Security
2cloudnine.com,abuse@2cloudnine.com,S3,Abuse / trust / safety
3doptix.com,abuse@3doptix.com,S3,Abuse / trust / safety
3i.ai,questions@3i.ai,S9,Generic info / contact
4degrees.ai,info@4degrees.ai,S9,Generic info / contact
58pic.com,feedback@58pic.com,S6,Reports / feedback
5centscdn.net,support@5centscdn.net,S8
8m.eu,info@8m.eu,S9,Generic info / contact
99c.co.za,abuse@99c.co.za,S3,Abuse / trust / safety
aajil.sa,info@aajil.sa,S9
abacum.ai,security@abacum.ai,S2,Security
abatable.com,dmarc-reports@abatable.com,Sx-c,DMARC reporting
abclegal.com,internationalinfo@abclegal.com,S9,Generic info / contact
abill.io,abuse@abill.io,S3,Abuse / trust / safety
absoluteinvestimentos.com.br,cv@absoluteinvestimentos.com.br,Sx-b,Single-word local
abundolive.se,abuse@abundolive.se,S3,Abuse / trust / safety
accelera.tech,info@accelera.tech,S9,Generic info / contact
accessowl.com,security@accessowl.com,S2,Security
acclinate.com,support@acclinate.com,S8,Support / help
aceworks.ai,abuse@aceworks.ai,S3,Abuse / trust / safety
aclarian.com,support@aclarian.com,S8,Support / help
adalo.com,security@adalo.com,S2,Security
adaptic.no,mail@adaptic.no,Sx-b,Single-word local
adlabs.app,abuse@adlabs.app,S3,Abuse / trust / safety
admanage.ai,abuse@admanage.ai,S3,Abuse / trust / safety
adologyai.com,hello@adologyai.com,S9,Generic info / contact
adomik.com,security@adomik.com,S2,Security
adopt.ai,security@adopt.ai,S2,Security
adp.com,vulnerabilityreporting@adp.com,S0
adplenty.io,abuse@adplenty.io,S3,Abuse / trust / safety
adplist.org,abuse@adplist.org,S3,Abuse / trust / safety
adscale.com,support@adscale.com,S8
adthena.com,abuse@adthena.com,S3,Abuse / trust / safety
advally.com,abuse@advally.com,S3,Abuse / trust / safety
adverteyes.ai,info@adverteyes.ai,S9,Generic info / contact
adzen.ai,support@adzen.ai,S8
aeroventures.com,dmarc-reports@aeroventures.com,Sx-c,DMARC reporting
affinity.co,support@affinity.co,S8,Support / help
affise.com,support@affise.com,S8
agency.inc,abuse@agency.inc,S3,Abuse / trust / safety
agenticflow.ai,support@agenticflow.ai,S8,Support / help
agentmail.to,dmarc@agentmail.to,Sx-c,DMARC reporting
agicap.com,bugbounty@agicap.com,S0,Bug bounty / VDP
agrexai.com,abuse@agrexai.com,S3,Abuse / trust / safety
agrisafe.agr.br,ola@agrisafe.agr.br,Sx-b,Single-word local
ahaslides.com,abuse@ahaslides.com,S3,Abuse / trust / safety
aheadcomputing.com,info@aheadcomputing.com,S9
aibox.ai,security@aibox.ai,S2
aico.swiss,support@aico.swiss,S8
aimfox.com,abuse@aimfox.com,S3,Abuse / trust / safety
airbridge.io,abuse@airbridge.io,S3,Abuse / trust / safety
airframe.ai,abuse@airframe.ai,S3,Abuse / trust / safety
airpay.co.in,customercare@airpay.co.in,S8,Support / help
airsaas.io,security@airsaas.io,S2,Security
airtable.com,security@airtable.com,S2,Security
aiseo.ai,abuse@aiseo.ai,S3,Abuse / trust / safety
aivideo.com,abuse@aivideo.com,S3,Abuse / trust / safety
akamai.com,security@akamai.com,S2,Security
akiflow.com,abuse@akiflow.com,S3,Abuse / trust / safety
alamah.om,abuse@alamah.om,S3,Abuse / trust / safety
alchemy.com,certmaster@alchemy.com,S1,PSIRT / CERT / SOC
alegra.com,abuse@alegra.com,S3,Abuse / trust / safety
aleluya.com,abuse@aleluya.com,S3,Abuse / trust / safety
alex.com,support@alex.com,S8
algoed.co,my_dmarc_report@algoed.co,Sx-c,DMARC reporting
algolia.com,security@algolia.com,S2,Security
allaboard.eu,privacy@allaboard.eu,S4,Privacy / DPO / GDPR
allbridge.io,support@allbridge.io,S8
allears.ai,abuse@allears.ai,S3,Abuse / trust / safety
allegrow.co,info@allegrow.co,S9,Generic info / contact
allianceabroad.com,africainfo@allianceabroad.com,S9,Generic info / contact
allocate.co,security@allocate.co,S2,Security
alloy.app,security@alloy.app,S2,Security
allunite.com,info@allunite.com,S9,Generic info / contact
alma.food,abuse@alma.food,S3,Abuse / trust / safety
alphavantage.co,abuse@alphavantage.co,S3,Abuse / trust / safety
alpic.ai,charles@alpic.ai,Sx-b,Single-word local
altertable.ai,security@altertable.ai,S2,Security
altfndata.com,abuse@altfndata.com,S3,Abuse / trust / safety
altuspower.com,security@altuspower.com,S2,Security
amalgamrx.com,contact@amalgamrx.com,S9
amass.tech,abuse@amass.tech,S3,Abuse / trust / safety
ambarpartners.com,security@ambarpartners.com,S2,Security
amityage.com,hello@amityage.com,S9,Generic info / contact
ammp.io,security@ammp.io,S2,Security
amove.io,contact@amove.io,S9
amperity.com,security@amperity.com,S2
amplifier.com,security@amplifier.com,S2,Security
amplitude.com,security@amplitude.com,S2,Security
amt.ai,abuse@amt.ai,S3,Abuse / trust / safety
and.com,abuse@and.com,S3,Abuse / trust / safety
andcapitalventures.com,chris@andcapitalventures.com,Sx-b,Single-word local
ando.so,abuse@ando.so,S3,Abuse / trust / safety
aneon.at,security@aneon.at,S2,Security
animaj.com,security@animaj.com,S2,Security
anomalycapital.com,ir@anomalycapital.com,Sx-b,Single-word local
antbuddy.com,abuse@antbuddy.com,S3,Abuse / trust / safety
antimetal.com,security@antimetal.com,S2,Security
antler.co,abuse@antler.co,S3,Abuse / trust / safety
apaleo.com,security@apaleo.com,S2,Security
aparti.ai,security@aparti.ai,S2,Security
aperture.london,abuse@aperture.london,S3,Abuse / trust / safety
apicbase.com,support@apicbase.com,S8
apify.com,security@apify.com,S2,Security
apono.io,security@apono.io,S2,Security
appcues.com,security@appcues.com,S2,Security
appflow.ai,info@appflow.ai,S9,Generic info / contact
applypass.com,abuse@applypass.com,S3,Abuse / trust / safety
apter.com.br,dpo@apter.com.br,S4,Privacy / DPO / GDPR
aqmen.ai,miguel@aqmen.ai,Sx-b,Single-word local
arcade.software,support@arcade.software,S8,Support / help
archera.ai,abuse@archera.ai,S3,Abuse / trust / safety
archilogic.com,security@archilogic.com,S2,Security
arcwise.app,contact@arcwise.app,S9
are.na,security@are.na,S2,Security
arena.com.tr,ir@arena.com.tr,Sx-b,Single-word local
aries.com,security@aries.com,S2,Security
aris.in,abuse@aris.in,S3,Abuse / trust / safety
armature.tech,founders@armature.tech,Sx-b,Single-word local
aroya.io,support@aroya.io,S8,Support / help
arta.ch,info@arta.ch,S9,Generic info / contact
artblocks.io,security@artblocks.io,S2,Security
artemis.ai,info@artemis.ai,S9
arternal.com,abuse@arternal.com,S3,Abuse / trust / safety
articulate.com,security-disclosure@articulate.com,S0,Bug bounty / VDP
asana.com,security@asana.com,S2,Security
ascendancy.co,abuse@ascendancy.co,S3,Abuse / trust / safety
ashbyhq.com,security@ashbyhq.com,S2,Security
askable.com,viasecurity@askable.com,S2,Security
askturing.ai,abuse@askturing.ai,S3,Abuse / trust / safety
asmallstudio.com,abuse@asmallstudio.com,S3,Abuse / trust / safety
assembly.com,security@assembly.com,S2,Security
asteroid.ai,abuse@asteroid.ai,S3,Abuse / trust / safety
astrologyapi.com,abuse@astrologyapi.com,S3,Abuse / trust / safety
athenium.com,support@athenium.com,S8,Support / help
atlan.com,security@atlan.com,S2,Security
atlaspeople.io,abuse@atlaspeople.io,S3,Abuse / trust / safety
atlasx.co,security@atlasx.co,S2,Security
atom.com,compliance@atom.com,S4
atomic.supply,info@atomic.supply,S9
atominvest.co,security@atominvest.co,S2,Security
atriumdata.ai,abuse@atriumdata.ai,S3,Abuse / trust / safety
attio.com,security@attio.com,S2,Security
attributionapp.com,security@attributionapp.com,S2,Security
audioscape.ai,abuse@audioscape.ai,S3,Abuse / trust / safety
aurelian.com,abuse@aurelian.com,S3,Abuse / trust / safety
austintechnology.com.au,support@austintechnology.com.au,S8,Support / help
avertro.com,support@avertro.com,S8,Support / help
avmap.it,support@avmap.it,S8
avo.app,security@avo.app,S2,Security
avoma.com,security@avoma.com,S2,Security
axify.io,info@axify.io,S9,Generic info / contact
axiocap.com,dpo@axiocap.com,S4
axiom.co,security@axiom.co,S2,Security
azion.com,security@azion.com,S2,Security
b.capital,info@b.capital,S9,Generic info / contact
babbl-labs.com,security@babbl-labs.com,S2,Security
babyjourney.se,abuse@babyjourney.se,S3,Abuse / trust / safety
backstory.ai,security@backstory.ai,S2,Security
backyardbrains.com,abuse@backyardbrains.com,S3,Abuse / trust / safety
badgermapping.com,dpo@badgermapping.com,S4,Privacy / DPO / GDPR
badideas.fund,abuse@badideas.fund,S3,Abuse / trust / safety
bagel.ai,support@bagel.ai,S8,Support / help
bajajbroking.in,customerservicehead@bajajbroking.in,S8,Support / help
base39.com.br,dmarc-failures@base39.com.br,Sx-c,DMARC reporting
basicops.com,abuse@basicops.com,S3,Abuse / trust / safety
baston.com.br,sac@baston.com.br,Sx-b,Single-word local
battery.com,compliance@battery.com,S5,Legal / compliance
baxtel.com,dmarc@baxtel.com,Sx-c,DMARC reporting
bazze.io,security@bazze.io,S2,Security
bdex.com,dmarc-afrf@bdex.com,Sx-c,DMARC reporting
bdg.io,info@bdg.io,S9
bdtax.com.bd,abuse@bdtax.com.bd,S3,Abuse / trust / safety
beachbossinfluencers.com,support@beachbossinfluencers.com,S8,Support / help
beaufort12.com,support@beaufort12.com,S8
beautech.aero,security@beautech.aero,S2,Security
bebakids.com,bigfashion@shops.bebakids.com,S9,Generic info / contact
beemdata.com,security@beemdata.com,S2,Security
begolden.com.pl,biuro@begolden.com.pl,S9,Generic info / contact
bei-us.com,grgrayban@bei-us.com,Sx-b,Single-word local
bellwetherit.com,abuse@bellwetherit.com,S3,Abuse / trust / safety
benchmarkminerals.com,office@benchmarkminerals.com,S9,Generic info / contact
besample.app,hostmaster@besample.app,S7,Admin / postmaster
betterbugs.io,security@betterbugs.io,S2,Security
betterleap.com,support@betterleap.com,S8,Support / help
betterstack.com,security@betterstack.com,S2,Security
bidprime.com,bounce@bidprime.com,Sx-b,Single-word local
bigdata.com,security@bigdata.com,S2,Security
bigenius-x.com,cs@bigenius-x.com,S8,Support / help
biggeo.com,security@biggeo.com,S2,Security
bigvu.tv,abuse@bigvu.tv,S3,Abuse / trust / safety
billygrace.com,mailsecurity@billygrace.com,S2,Security
binclusive.io,info@binclusive.io,S9
binderr.com,security@binderr.com,S2,Security
bitmovin.com,security@bitmovin.com,S2,Security
bitquery.io,abuse@bitquery.io,S3,Abuse / trust / safety
bitrise.io,security@bitrise.io,S2,Security
bizaway.com,dmarc@bizaway.com,Sx-c,DMARC reporting
bizstream.com,ops@bizstream.com,S7,Admin / postmaster
blazesql.com,support@blazesql.com,S8,Support / help
blend-ai.com,abuse@blend-ai.com,S3,Abuse / trust / safety
blockscholes.com,abuse@blockscholes.com,S3,Abuse / trust / safety
bloomberg.com,opensource@bloomberg.net,Sx-d
bloomreach.com,securityreporting@bloomreach.com,S2,Security
bluegamma.io,support@bluegamma.io,S8,Support / help
bluente.com,abuse@bluente.com,S3,Abuse / trust / safety
bluetriangle.com,security@bluetriangle.com,S2,Security
bnicapital.com,contact@bnicapital.com,S9,Generic info / contact
bonafide.ai,abuse@bonafide.ai,S3,Abuse / trust / safety
bonuz.market,security@bonuz.market,S2,Security
boom.nl,security@boom.nl,S2,Security
boompop.com,no-reply@boompop.com,Sx-a,Real-person name
bounceinsights.com,security@bounceinsights.com,S2,Security
brainfab.com,abuse@brainfab.com,S3,Abuse / trust / safety
brale.xyz,security@brale.xyz,S2,Security
branch.co,security@branch.co,S2,Security
brandient.com,admin@brandient.com,S7,Admin / postmaster
brandsmeetcreators.com,dmarc-alert@brandsmeetcreators.com,Sx-c,DMARC reporting
breakthroughsales.io,security@breakthroughsales.io,S2,Security
breezy.hr,info@breezy.hr,S9
brevo.com,security@brevo.com,S2,Security
bridgemarketplace.com,support@bridgemarketplace.com,S8,Support / help
briecomterobert.fr,dpo@briecomterobert.fr,S4
brightedge.com,privacy@brightedge.com,S4,Privacy / DPO / GDPR
brightidea.com,support@brightidea.com,S8,Support / help
brightmls.com,abuse@brightmls.com,S3,Abuse / trust / safety
browserless.io,security@browserless.io,S2,Security
buffer.com,security@buffer.com,S2,Security
buhochile.com,abuse@buhochile.com,S3,Abuse / trust / safety
builderhead.com,sami.kivensalo@builderhead.com,Sx-a,Real-person name
builders.studio,abuse@builders.studio,S3,Abuse / trust / safety
buildfire.com,support@buildfire.com,S8,Support / help
buildkite.com,security@buildkite.com,S2,Security
bytehide.com,abuse@bytehide.com,S3,Abuse / trust / safety
bzigo.com,support@bzigo.com,S8,Support / help
c3biz.com,abuse@c3biz.com,S3,Abuse / trust / safety
cabsin.org.br,admin@cabsin.org.br,S7,Admin / postmaster
caffeine.ai,security@caffeine.ai,S2,Security
caisgroup.com,security@caisgroup.com,S2,Security
cal.com,support@cal.com,S8,Support / help
calendly.com,security@calendly.com,S2,Security
callpercy.com,abuse@callpercy.com,S3,Abuse / trust / safety
campaignswell.com,abuse@campaignswell.com,S3,Abuse / trust / safety
campcation.com,abuse@campcation.com,S3,Abuse / trust / safety
camsbiometrics.com,support@camsbiometrics.com,S8,Support / help
candid.org,security@candid.org,S2,Security
canva.cn,info@canva.cn,S9
capmission.ma,info@capmission.ma,S9
capsule.video,security@capsule.video,S2,Security
careflowiq.com,abuse@careflowiq.com,S3,Abuse / trust / safety
carohq.com,security@carohq.com,S2,Security
carriyo.com,abuse@carriyo.com,S3,Abuse / trust / safety
cashcow.com,info@cashcow.com,S9
cashflowfrog.com,abuse@cashflowfrog.com,S3,Abuse / trust / safety
cashfree.com,security@cashfree.com,S2,Security
caspio.com,sysmonitor@caspio.com,Sx-b,Single-word local
catsy.com,support@catsy.com,S8,Support / help
cbinsights.com,info@cbinsights.com,S9,Generic info / contact
ccare.org.au,info@ccare.org.au,S9
ceramic.ai,abuse@ceramic.ai,S3,Abuse / trust / safety
cevoid.com,hostmaster@cevoid.com,S7,Admin / postmaster
cevro.ai,dmarc@cevro.ai,Sx-c,DMARC reporting
chainels.com,help@chainels.com,S8,Support / help
changdobels.se,danderyd@changdobels.se,Sx-b,Single-word local
channel99.com,security@channel99.com,S2,Security
channelkey.com,info@channelkey.com,S9,Generic info / contact
chargebee.com,security@chargebee.com,S2,Security
chariow.com,security@chariow.com,S2,Security
chartmetric.com,security@chartmetric.com,S2,Security
checkr.com,security@checkr.com,S2,Security
chetto.ai,abuse@chetto.ai,S3,Abuse / trust / safety
chift.eu,security@chift.eu,S2,Security
chisellabs.com,security@chisellabs.com,S2,Security
chordian.ai,oliver.spring@chordian.ai,S10,Sales / marketing / press
chowdeck.com,security@chowdeck.com,S2,Security
ci-hub.com,support@ci-hub.com,S8,Support / help
cirra.ai,info@cirra.ai,S9,Generic info / contact
cizgi.net,info@cizgi.net,S9,Generic info / contact
clappia.com,security@clappia.com,S2,Security
clarify.io,hello@clarify.io,S9,Generic info / contact
clarity.ai,solutions@clarity.ai,Sx-b,Single-word local
classavo.com,support@classavo.com,S8,Support / help
classdojo.com,security@classdojo.com,S2,Security
clay.earth,security@clay.earth,S2
clazar.io,security@clazar.io,S2,Security
cleanhealth.edu.au,abuse@cleanhealth.edu.au,S3,Abuse / trust / safety
clearer.io,contact@clearer.io,S9,Generic info / contact
clemta.com,security@clemta.com,S2,Security
cleo.com,security@cleo.com,S2,Security
clerk.chat,security@clerk.chat,S2,Security
cles.org,badaro@cles.org,Sx-b,Single-word local
clickrain.com,abuse@clickrain.com,S3,Abuse / trust / safety
clickup.com,security@clickup.com,S2,Security
climateactiondata.org,contact@climateactiondata.org,S9,Generic info / contact
clinicadoleite.com.br,abuse@clinicadoleite.com.br,S3,Abuse / trust / safety
clint.digital,abuse@clint.digital,S3,Abuse / trust / safety
clockworkrecruiting.com,support@clockworkrecruiting.com,S8,Support / help
clootrack.com,abuse@clootrack.com,S3,Abuse / trust / safety
close.com,security@close.com,S2,Security
cloudchipr.com,support@cloudchipr.com,S8,Support / help
cloudeagle.ai,abuse@cloudeagle.ai,S3,Abuse / trust / safety
cloudgov.ai,support@cloudgov.ai,S8,Support / help
cloverleaf.ai,security@cloverleaf.ai,S2,Security
clozd.com,security@clozd.com,S2,Security
coastapp.com,security@coastapp.com,S2,Security
codspeed.io,security@codspeed.io,S2,Security
cofi.ai,abuse@cofi.ai,S3,Abuse / trust / safety
coinmarketcap.com,abuse@coinmarketcap.com,S3,Abuse / trust / safety
coinstats.app,security@coinstats.app,S2,Security
coliving.com,support@coliving.com,S8,Support / help
collegepulse.com,abuse@collegepulse.com,S3,Abuse / trust / safety
commented.io,support@commented.io,S8
commonroom.io,security@commonroom.io,S2,Security
commonscompany.com,abuse@commonscompany.com,S3,Abuse / trust / safety
community.com,security@community.com,S2,Security
companion.energy,security@companion.energy,S2,Security
companyenrich.com,support@companyenrich.com,S8
compliancely.com,support@compliancely.com,S8,Support / help
comscore.com,privacy@comscore.com,S4,Privacy / DPO / GDPR
cones.com,service@cones.com,S8,Support / help
conjura.com,security@conjura.com,S2,Security
connect-x.tech,security@connect-x.tech,S2,Security
consensus.app,security@consensus.app,S2,Security
construflow.com.br,abuse@construflow.com.br,S3,Abuse / trust / safety
contable.app,abuse@contable.app,S3,Abuse / trust / safety
contaja.com.br,abuse@contaja.com.br,S3,Abuse / trust / safety
contentful.com,security@contentful.com,S2,Security
contentstudio.io,abuse@contentstudio.io,S3,Abuse / trust / safety
contextqa.com,abuse@contextqa.com,S3,Abuse / trust / safety
controlle.com,dmarc@controlle.com,Sx-c,DMARC reporting
converge.it,dmarc-reports@converge.it,Sx-c,DMARC reporting
conversionmediagroup.com,abuse@conversionmediagroup.com,S3,Abuse / trust / safety
convesio.com,info@convesio.com,S9,Generic info / contact
convex.dev,security@convex.dev,S2,Security
conviva.com,security@conviva.com,S2,Security
coolset.com,security@coolset.com,S2,Security
coolshop.com,security@coolshop.com,S2,Security
cooroundtable.com,divinia@cooroundtable.com,Sx-b,Single-word local
copilot.money,security@copilot.money,S2,Security
copilotkit.ai,security@copilotkit.ai,S2,Security
cordova.com,connect@cordova.com,S9,Generic info / contact
coris.ai,security@coris.ai,S2,Security
corneliajames.com,abuse@corneliajames.com,S3,Abuse / trust / safety
coros.com,security@coros.com,S2,Security
cortea.ai,abuse@cortea.ai,S3,Abuse / trust / safety
coupler.io,abuse@coupler.io,S3,Abuse / trust / safety
craft.io,security@craft.io,S2,Security
creatordb.app,security@creatordb.app,S2,Security
credibledata.com,security@credibledata.com,S2,Security
credix.finance,abuse@credix.finance,S3,Abuse / trust / safety
credplatform.com,security@credplatform.com,S2
crewos.io,abuse@crewos.io,S3,Abuse / trust / safety
crossbeam.com,security@crossbeam.com,S2,Security
crowdin.com,support@crowdin.com,S8,Support / help
crowdreply.io,support@crowdreply.io,S8,Support / help
crustdata.com,info@crustdata.com,S9,Generic info / contact
cruva.com,support@cruva.com,S8,Support / help
cryptoquant.com,abuse@cryptoquant.com,S3,Abuse / trust / safety
cryptorefills.com,abuse@cryptorefills.com,S3,Abuse / trust / safety
crystalknows.com,security@crystalknows.com,S2,Security
csllcnow.com,abuse@csllcnow.com,S3,Abuse / trust / safety
cta.tech,security@cta.tech,S2,Security
cubesoftware.com,security@cubesoftware.com,S2,Security
cuckooworkout.com,security@cuckooworkout.com,S2,Security
cuelinks.com,abuse@cuelinks.com,S3,Abuse / trust / safety
cuemath.com,abuse@cuemath.com,S3,Abuse / trust / safety
cufinder.io,info@cufinder.io,S9,Generic info / contact
cumbuca.com,security@cumbuca.com,S2,Security
curate.co,support@curate.co,S8,Support / help
curemedia.com,security@curemedia.com,S2,Security
curri.com,security@curri.com,S2,Security
cushingterrell.com,info@cushingterrell.com,S9,Generic info / contact
customer.io,ctf@customer.io,S0
customerscore.io,abuse@customerscore.io,S3,Abuse / trust / safety
customily.com,abuse@customily.com,S3,Abuse / trust / safety
cuure.com,abuse@cuure.com,S3,Abuse / trust / safety
cxplanner.com,support@cxplanner.com,S8,Support / help
cyberday.ai,security@cyberday.ai,S2,Security
cymulate.com,abuse@cymulate.com,S3,Abuse / trust / safety
cypress.io,security@cypress.io,S2,Security
daloopa.com,security@daloopa.com,S2,Security
dana.id,abuse@dana.id,S3,Abuse / trust / safety
danelfin.com,abuse@danelfin.com,S3,Abuse / trust / safety
daniel-ip.com,abuse@daniel-ip.com,S3,Abuse / trust / safety
darkmatter.is,abuse@darkmatter.is,S3,Abuse / trust / safety
dartai.com,security@dartai.com,S2,Security
dash.fi,infosec@dash.fi,S1,PSIRT / CERT / SOC
dashbo.io,abuse@dashbo.io,S3,Abuse / trust / safety
data-axle.com,abuse@data-axle.com,S3,Abuse / trust / safety
databar.ai,abuse@databar.ai,S3,Abuse / trust / safety
databox.com,hi@databox.com,S9,Generic info / contact
datadome.co,security@datadome.co,S2,Security
dataforseo.com,abuse@dataforseo.com,S3,Abuse / trust / safety
datahub.com,security@datahub.com,S2,Security
datamaran.com,abuse@datamaran.com,S3,Abuse / trust / safety
datanomik.com,abuse@datanomik.com,S3,Abuse / trust / safety
datapolicy.co,abuse@datapolicy.co,S3,Abuse / trust / safety
dataprovider.com,security@dataprovider.com,S2,Security
datarails.com,security@datarails.com,S2,Security
dataspike.io,security@dataspike.io,S2,Security
datocms.com,security@datocms.com,S2,Security
dcm-inc.com,dmarc-reports@dcm-inc.com,Sx-c,DMARC reporting
dcycle.io,support@dcycle.io,S8,Support / help
dealmachine.com,abuse@dealmachine.com,S3,Abuse / trust / safety
dealroom.co,abuse@dealroom.co,S3,Abuse / trust / safety
deapi.ai,support@deapi.ai,S8,Support / help
deducta.ai,support@deducta.ai,S8,Support / help
deepidv.com,abuse@deepidv.com,S3,Abuse / trust / safety
deeploy.ai,security@deeploy.ai,S2,Security
demola.net,info@demola.net,S9,Generic info / contact
demostack.com,security@demostack.com,S2,Security
descope.com,devops+dmarc@descope.com,Sx-c,DMARC reporting
deskfirst.com,data@deskfirst.com,Sx-b,Single-word local
detrack.com,security@detrack.com,S2,Security
detrics.io,abuse@detrics.io,S3,Abuse / trust / safety
devally.com,support@devally.com,S8
devcycle.com,security@devcycle.com,S2,Security
devolens.com,help@devolens.com,S8,Support / help
didlogic.com,abuse@didlogic.com,S3,Abuse / trust / safety
diffly.co,security@diffly.co,S2,Security
digital-masters.de,info@digital-masters.de,S9,Generic info / contact
digitalsamba.com,support@digitalsamba.com,S8,Support / help
digitalsurge.com.au,abuse@digitalsurge.com.au,S3,Abuse / trust / safety
digoo-it.com,dilano@digoo-it.com,Sx-b,Single-word local
dispatchit.com,security@dispatchit.com,S2,Security
dj.studio,help@dj.studio,S8,Support / help
dma-group.co.uk,customerservice@dma-group.co.uk,S8,Support / help
dobbyads.com,abuse@dobbyads.com,S3,Abuse / trust / safety
docsautomator.co,abuse@docsautomator.co,S3,Abuse / trust / safety
dodopayments.com,security@dodopayments.com,S2,Security
doit.com,abuse@doit.com,S3,Abuse / trust / safety
doktormartin.sk,info@doktormartin.sk,S9,Generic info / contact
doktorsitesi.com,abuse@doktorsitesi.com,S3,Abuse / trust / safety
doola.com,security@doola.com,S2,Security
dorsia.com,security@dorsia.com,S2,Security
dotter.me,abuse@dotter.me,S3,Abuse / trust / safety
dreamlit.ai,support@dreamlit.ai,S8,Support / help
drome.com.br,abuse@drome.com.br,S3,Abuse / trust / safety
dronedeploy.com,security@dronedeploy.com,S2,Security
dronus.com,help@dronus.com,S8,Support / help
dropcontact.com,security@dropcontact.com,S2,Security
drugbank.com,abuse@drugbank.com,S3,Abuse / trust / safety
duda.co,privacy@duda.co,S4,Privacy / DPO / GDPR
dukascopy.com,security@dukascopy.com,S2,Security
dutchvalleyfoods.com,abuse@dutchvalleyfoods.com,S3,Abuse / trust / safety
e-cruce.com,abuse@e-cruce.com,S3,Abuse / trust / safety
e-gineering.com,info@e-gineering.com,S9,Generic info / contact
e4k.co,support@e4k.co,S8,Support / help
easesolutions.com,info@easesolutions.com,S9,Generic info / contact
easycomp.ai,abuse@easycomp.ai,S3,Abuse / trust / safety
easyleadz.com,abuse@easyleadz.com,S3,Abuse / trust / safety
easyship.com,security@easyship.com,S2,Security
ecair.eco,abuse@ecair.eco,S3,Abuse / trust / safety
ecdb.com,abuse@ecdb.com,S3,Abuse / trust / safety
eden.so,security@eden.so,S2,Security
edgetier.com,abuse@edgetier.com,S3,Abuse / trust / safety
edito-pdf.com,abuse@edito-pdf.com,S3,Abuse / trust / safety
effectix.com,info@effectix.com,S9,Generic info / contact
eka.care,support@eka.care,S8,Support / help
eliex.ai,vendas@eliex.ai,Sx-b,Single-word local
elkat.no,abuse@elkat.no,S3,Abuse / trust / safety
ellipsend.com,abuse@ellipsend.com,S3,Abuse / trust / safety
elnora.ai,security@elnora.ai,S2,Security
embankment.com,security@embankment.com,S2,Security
emerge-tech.io,abuse@emerge-tech.io,S3,Abuse / trust / safety
enapter.com,security@enapter.com,S2,Security
encoda.com,support@encoda.com,S8,Support / help
encompassonsite.com,privacy@encompassonsite.com,S4,Privacy / DPO / GDPR
enercity.de,info@enercity.de,S9,Generic info / contact
energyaspects.com,contact@energyaspects.com,S9,Generic info / contact
engrate.io,abuse@engrate.io,S3,Abuse / trust / safety
enigma.com,security@enigma.com,S2,Security
enlyft.com,security@enlyft.com,S2,Security
enrich.so,abuse@enrich.so,S3,Abuse / trust / safety
enrola.com.au,abuse@enrola.com.au,S3,Abuse / trust / safety
enshift.com,abuse@enshift.com,S3,Abuse / trust / safety
entri.com,security@entri.com,S2,Security
envoy.com,security@envoy.com,S2,Security
eodhd.com,support@eodhd.com,S8,Support / help
eon.io,security@eon.io,S2,Security
epam.com,security@epam.com,S2,Security
epcvip.com,security-reports@epcvip.com,S2,Security
epsilon3.io,security@epsilon3.io,S2,Security
eramba.org,support@eramba.org,S8,Support / help
erlin.ai,abuse@erlin.ai,S3,Abuse / trust / safety
escape.tech,support@escape.tech,S8,Support / help
esim.com.br,bpo@esim.com.br,Sx-b,Single-word local
espm.br,abuse@espm.br,S3,Abuse / trust / safety
esputnik.com,security@esputnik.com,S2,Security
estarter.co,abuse@estarter.co,S3,Abuse / trust / safety
esw.com,dmarc_reports@esw.com,Sx-c,DMARC reporting
etermax.com,security@etermax.com,S2,Security
eulerapp.com,dave@eulerapp.com,Sx-b,Single-word local
eunice.ai,security@eunice.ai,S2,Security
evcomechanical.com,inquiry@evcomechanical.com,S9,Generic info / contact
eventship.com,security@eventship.com,S2,Security
everestlabs.ai,hello@everestlabs.ai,S9,Generic info / contact
evernote.com,security@evernote.com,S2,Security
evertrace.ai,security@evertrace.ai,S2,Security
everwall.com,admin@everwall.com,S7,Admin / postmaster
everymanjack.com,security@everymanjack.com,S2,Security
exa.ai,security@exa.ai,S2,Security
explorium.ai,abuse@explorium.ai,S3,Abuse / trust / safety
expo.dev,copyright@expo.dev,S5,Legal / compliance
eyewa.com,customercare@eyewa.com,S8,Support / help
ezekia.com,securityteam@ezekia.com,S2,Security
eztexting.com,answers@eztexting.com,Sx-b,Single-word local
facilio.com,security@facilio.com,S2,Security
factori.ai,partners@factori.ai,S10,Sales / marketing / press
factset.com,psirt@factset.com,S1
fairly.com,security@fairly.com,S2,Security
fal.ai,security@fal.ai,S2,Security
falconfeeds.io,support@falconfeeds.io,S8,Support / help
familux.com,dataprivacy@familux.com,S4
fanalists.com,info@fanalists.com,S9,Generic info / contact
fastbridgefiber.com,abuse@fastbridgefiber.com,S3,Abuse / trust / safety
fastweigh.com,careers@fastweigh.com,S8,Support / help
fed10.ai,security@fed10.ai,S2,Security
feedly.com,security@feedly.com,S2,Security
feedspace.io,support@feedspace.io,S8,Support / help
fergus.com,security@fergus.com,S2,Security
fiber.ai,adi@fiber.ai,Sx-b,Single-word local
fifthrow.com,support@fifthrow.com,S8
figr.design,dmarc-reports@figr.design,Sx-c,DMARC reporting
findable.ai,security@findable.ai,S2,Security
findymail.com,security@findymail.com,S2,Security
finoptimal.com,developer@finoptimal.com,Sx-b,Single-word local
finout.io,security@finout.io,S2,Security
finthesis.io,contact@finthesis.io,S9,Generic info / contact
fintoc.com,security@fintoc.com,S2,Security
firebird.ai,security@firebird.ai,S2,Security
fireflies.ai,support@fireflies.ai,S8,Support / help
firstlight.farm,thestore@firstlight.farm,Sx-b,Single-word local
firstlook.gg,contact@firstlook.gg,S9,Generic info / contact
fitsamerica.com,abuse@fitsamerica.com,S3,Abuse / trust / safety
flalingo.com,help@flalingo.com,S8
flashbots.net,security@flashbots.net,S2
flashvote.com,support@flashvote.com,S8,Support / help
fleetx.io,abuse@fleetx.io,S3,Abuse / trust / safety
flexmls.com,security@flexmls.com,S2,Security
flipsnack.com,abuse@flipsnack.com,S3,Abuse / trust / safety
flodesk.com,security@flodesk.com,S2,Security
floorspace.ca,postmaster@floorspace.ca,S7,Admin / postmaster
flora.ai,abuse@flora.ai,S3,Abuse / trust / safety
flotiq.com,support@flotiq.com,S8,Support / help
flowcode.com,secops@flowcode.com,S1,PSIRT / CERT / SOC
flowcredi.com.br,abuse@flowcredi.com.br,S3,Abuse / trust / safety
flowrms.com,legal@flowrms.com,S5,Legal / compliance
fluss.io,abuse@fluss.io,S3,Abuse / trust / safety
flylance.com,info@flylance.com,S9,Generic info / contact
fomo.ai,abuse@fomo.ai,S3,Abuse / trust / safety
fonzi.ai,abuse@fonzi.ai,S3,Abuse / trust / safety
foresight.ai,security@foresight.ai,S2,Security
forinvest.com,destek@forinvest.com,Sx-b,Single-word local
formant.io,security@formant.io,S2,Security
formassembly.com,security@formassembly.com,S2,Security
formly.ai,stodd@formly.ai,Sx-b,Single-word local
forte.co.nz,info@forte.co.nz,S9,Generic info / contact
forter.com,security@forter.com,S2,Security
foundational.io,dmarc@foundational.io,Sx-c,DMARC reporting
founderplus.id,hello@founderplus.id,S9,Generic info / contact
fourthwall.tv,abuse@fourthwall.tv,S3,Abuse / trust / safety
fpre.ch,info@fpre.ch,S9,Generic info / contact
frambemanning.se,abuse@frambemanning.se,S3,Abuse / trust / safety
frame.io,security@frame.io,S2,Security
fraudlogix.com,sales_req@fraudlogix.com,S10,Sales / marketing / press
freedom.world,dmarcreports@freedom.world,Sx-c,DMARC reporting
freee.co.jp,psirt+fail@freee.co.jp,S1,PSIRT / CERT / SOC
fresha.com,hello@fresha.com,S8
freshbus.com,abuse@freshbus.com,S3,Abuse / trust / safety
freshpoint.cz,zakaznici@freshpoint.cz,Sx-b,Single-word local
frictionlessit.net,info@frictionlessit.net,S9,Generic info / contact
friday.nl,abuse@friday.nl,S3,Abuse / trust / safety
frontguys.fr,security@frontguys.fr,S2,Security
frsport.com,sales@frsport.com,S10,Sales / marketing / press
fulfyld.com,hey@fulfyld.com,S9,Generic info / contact
fullenrich.com,support@fullenrich.com,S8,Support / help
fundify.com,rua@fundify.com,Sx-b,Single-word local
furious-squad.com,abuse@furious-squad.com,S3,Abuse / trust / safety
fusionpact.com,support@fusionpact.com,S8,Support / help
futureprinciple.com,secops@futureprinciple.com,S1,PSIRT / CERT / SOC
futuresearch.ai,support@futuresearch.ai,S8,Support / help
futuresnoops.com,abuse@futuresnoops.com,S3,Abuse / trust / safety
fyma.ai,abuse@fyma.ai,S3,Abuse / trust / safety
fynite.ai,abuse@fynite.ai,S3,Abuse / trust / safety
fyxer.com,security@fyxer.com,S2,Security
gabriel.sk,mail@gabriel.sk,Sx-b,Single-word local
gaiasuite.com,contact@gaiasuite.com,S9,Generic info / contact
gameball.co,abuse@gameball.co,S3,Abuse / trust / safety
gamma.app,abuse@gamma.app,S3,Abuse / trust / safety
gatsby.events,help@gatsby.events,S8
gcaa.gov.ae,cyber@gcaa.gov.ae,S2
gcit.com.au,support@gcit.com.au,S8,Support / help
gdicwins.com,info@gdicwins.com,S9,Generic info / contact
geekbot.com,security@geekbot.com,S2,Security
gem.com,support@gem.com,S8,Support / help
genei.es,dmarc.rua@genei.es,Sx-c,DMARC reporting
general.legal,abuse@general.legal,S3,Abuse / trust / safety
generect.com,info@generect.com,S9,Generic info / contact
genialcare.com.br,abuse@genialcare.com.br,S3,Abuse / trust / safety
genially.com,security@genially.com,S2,Security
genloop.ai,abuse@genloop.ai,S3,Abuse / trust / safety
geopard.tech,abuse@geopard.tech,S3,Abuse / trust / safety
geopoll.com,dmarc-reports@geopoll.com,Sx-c,DMARC reporting
geotab.com,security@geotab.com,S2,Security
getaleph.com,security@getaleph.com,S2,Security
getaptly.com,help@getaptly.com,S8
getbalance.com,security@getbalance.com,S2
getboomerang.ai,abuse@getboomerang.ai,S3,Abuse / trust / safety
getcroissant.com,abuse@getcroissant.com,S3,Abuse / trust / safety
getdalton.com,team@getdalton.com,S9,Generic info / contact
getdex.com,security@getdex.com,S2,Security
getken.ai,abuse@getken.ai,S3,Abuse / trust / safety
getloper.com,abuse@getloper.com,S3,Abuse / trust / safety
getmontecarlo.com,abuse@getmontecarlo.com,S3,Abuse / trust / safety
getpalm.com,security@getpalm.com,S2,Security
getrecast.com,info@getrecast.com,S9,Generic info / contact
getredo.com,dmarc-reports@getredo.com,Sx-c,DMARC reporting
getresponse.com,security@getresponse.com,S2,Security
getsales.io,abuse@getsales.io,S3,Abuse / trust / safety
getsift.ai,security@getsift.ai,S2,Security
getspeedpoint.com,privacy@getspeedpoint.com,S4,Privacy / DPO / GDPR
getsponsy.com,hi@getsponsy.com,S9,Generic info / contact
giatecscientific.com,support@giatecscientific.com,S8,Support / help
giftpoint.io,abuse@giftpoint.io,S3,Abuse / trust / safety
gigantic.pt,abuse@gigantic.pt,S3,Abuse / trust / safety
gigstack.io,abuse@gigstack.io,S3,Abuse / trust / safety
gigworx.com,help@gigworx.com,S8,Support / help
gleap.io,security@gleap.io,S2,Security
glede.app,abuse@glede.app,S3,Abuse / trust / safety
glichealth.com,dmarc-reports@glichealth.com,Sx-c,DMARC reporting
globaldatabase.com,office@globaldatabase.com,S9,Generic info / contact
globalmacit.com,sales@globalmacit.com,S10,Sales / marketing / press
glowtify.com,abuse@glowtify.com,S3,Abuse / trust / safety
go1.com,security@go1.com,S2,Security
goalfy.com.br,abuse@goalfy.com.br,S3,Abuse / trust / safety
gocardless.com,vuln-disc@gocardless.com,S0
goconsensus.com,security@goconsensus.com,S2,Security
gocsm.com,info@gocsm.com,S9,Generic info / contact
goextrovert.com,abuse@goextrovert.com,S3,Abuse / trust / safety
goflink.com,it-security@goflink.com,S2,Security
goldfishads.com,abuse@goldfishads.com,S3,Abuse / trust / safety
goldwasserexchange.be,security@goldwasserexchange.be,S2,Security
gomining.com,abuse@gomining.com,S3,Abuse / trust / safety
gong.io,sales@gong.io,S10,Sales / marketing / press
goodfin.com,dmarc-reports@goodfin.com,Sx-c,DMARC reporting
goodwatercap.com,info@goodwatercap.com,S9,Generic info / contact
gopitcrew.com,support@gopitcrew.com,S8,Support / help
gothru.co,abuse@gothru.co,S3,Abuse / trust / safety
gotobeat.com,security@gotobeat.com,S2,Security
gowindmill.com,abuse@gowindmill.com,S3,Abuse / trust / safety
gpbullhound.com,security@gpbullhound.com,S2,Security
grafana.com,info@grafana.com,S9,Generic info / contact
grapelaw.com,info@grapelaw.com,S9,Generic info / contact
grasp.gg,dpo@grasp.gg,S4,Privacy / DPO / GDPR
grasp.study,abuse@grasp.study,S3,Abuse / trust / safety
gravl.io,abuse@gravl.io,S3,Abuse / trust / safety
green-api.com,support@green-api.com,S8,Support / help
greenhawk.co.nz,kiaora@greenhawk.co.nz,Sx-b,Single-word local
greenstreet.com,security@greenstreet.com,S2,Security
gridium.com,dmarcreports@gridium.com,Sx-c,DMARC reporting
groupesignalisation.ca,abuse@groupesignalisation.ca,S3,Abuse / trust / safety
grove.co,support@grove.co,S8,Support / help
growhouse.co,abuse@growhouse.co,S3,Abuse / trust / safety
growthfactor.ai,security@growthfactor.ai,S2,Security
growthkitchen.co,abuse@growthkitchen.co,S3,Abuse / trust / safety
grupoamericainterior.com.ar,abuse@grupoamericainterior.com.ar,S3,Abuse / trust / safety
grupoeon.com.ar,soporte@grupoeon.com.ar,Sx-b,Single-word local
grupovelas.com.br,abuse@grupovelas.com.br,S3,Abuse / trust / safety
gxl.ai,abuse@gxl.ai,S3,Abuse / trust / safety
gyramais.com.br,abuse@gyramais.com.br,S3,Abuse / trust / safety
hackle.io,security@hackle.io,S2,Security
hadrian.io,security@hadrian.io,S2,Security
haiku.fr,security@haiku.fr,S2,Security
halfmoonempanadas.com,info@halfmoonempanadas.com,S9,Generic info / contact
haloai.co.id,abuse@haloai.co.id,S3,Abuse / trust / safety
handwrytten.com,security@handwrytten.com,S2,Security
handy.la,hola@handy.la,S9,Generic info / contact
happycog.com,hello@happycog.com,S9,Generic info / contact
harness.io,security@harness.io,S2,Security
hbflavor.com,dmarc@hbflavor.com,Sx-c,DMARC reporting
headlight.co,security@headlight.co,S2,Security
healthkey.health,abuse@healthkey.health,S3,Abuse / trust / safety
hectorai.live,abuse@hectorai.live,S3,Abuse / trust / safety
hellobonsai.com,abuse@hellobonsai.com,S3,Abuse / trust / safety
hellodarwin.com,info@hellodarwin.com,S9,Generic info / contact
helmer.app,abuse@helmer.app,S3,Abuse / trust / safety
heroku.com,bugbountymanager@salesforce.com,S0
hex.inc,abuse@hex.inc,S3,Abuse / trust / safety
heybloome.com,abuse@heybloome.com,S3,Abuse / trust / safety
heyflow.com,security@heyflow.com,S2,Security
heygen.com,security@heygen.com,S2,Security
heymantle.com,security@heymantle.com,S2,Security
heymarvin.com,security@heymarvin.com,S2,Security
hfsresearch.com,support@hfsresearch.com,S8,Support / help
higgsfield.ai,security@higgsfield.ai,S2,Security
highspot.com,security@highspot.com,S2,Security
himalayas.app,abuse@himalayas.app,S3,Abuse / trust / safety
himodus.com,security@himodus.com,S2,Security
hirenimbus.com,abuse@hirenimbus.com,S3,Abuse / trust / safety
hivecpq.com,abuse@hivecpq.com,S3,Abuse / trust / safety
hoicko.ai,hello@hoicko.ai,S9,Generic info / contact
holidu.com,security@holidu.com,S2,Security
holland1916.com,saleshnp@holland1916.com,S10,Sales / marketing / press
homeric.ai,info@homeric.ai,S9,Generic info / contact
honor.education,dmarc-reports@honor.education,Sx-c,DMARC reporting
hortitec.es,abuse@hortitec.es,S3,Abuse / trust / safety
hospitable.com,security@hospitable.com,S2,Security
hostingb2b.com,abuse@hostingb2b.com,S3,Abuse / trust / safety
houseamp.com,support@houseamp.com,S8,Support / help
howz.com,abuse@howz.com,S3,Abuse / trust / safety
hri-research.org,info@hri-research.org,S9,Generic info / contact
hsa.org.ua,info@hsa.org.ua,S9,Generic info / contact
hubbl.com,dmarc-afrf@hubbl.com,Sx-c,DMARC reporting
hubspot.com,security-notifications@hubspot.com,S2,Security
hubstaff.com,security@hubstaff.com,S2,Security
humaans.io,security@humaans.io,S2,Security
humanic.ai,privacy@humanic.ai,S4,Privacy / DPO / GDPR
hundredx.com,security@hundredx.com,S2,Security
hunt.io,abuse@hunt.io,S3,Abuse / trust / safety
hushh.ai,one@hushh.ai,Sx-b,Single-word local
hvakr.com,abuse@hvakr.com,S3,Abuse / trust / safety
hypercore.ai,abuse@hypercore.ai,S3,Abuse / trust / safety
hyperline.co,security@hyperline.co,S2,Security
i-glocal.com,info@i-glocal.com,S9,Generic info / contact
iamota.com,abuse@iamota.com,S3,Abuse / trust / safety
iasaglobal.org,contactus@iasaglobal.org,S9,Generic info / contact
icepanel.io,mail@icepanel.io,Sx-b,Single-word local
icmarkets.com,dmarcreports@icmarkets.com,Sx-c,DMARC reporting
icustomer.ai,abuse@icustomer.ai,S3,Abuse / trust / safety
idc.com,security@idc.com,S2,Security
idealo.com,abuse@idealo.com,S3,Abuse / trust / safety
ideogram.ai,security@ideogram.ai,S2,Security
ifcroofing.com,info@ifcroofing.com,S9,Generic info / contact
iggnita.com,info@iggnita.com,S9,Generic info / contact
ihrdc.com,dataprivacy@ihrdc.com,S4
illumex.ai,abuse@illumex.ai,S3,Abuse / trust / safety
ilogs.systems,infrastructure@ilogs.systems,Sx-d,Other / mixed
imagine.art,abuse@imagine.art,S3,Abuse / trust / safety
imax.com,emaildmarc@imax.com,Sx-c,DMARC reporting
imperium.uk,hello@imperium.uk,S9,Generic info / contact
inboxally.com,abuse@inboxally.com,S3,Abuse / trust / safety
inboxkit.com,abuse@inboxkit.com,S3,Abuse / trust / safety
incident.io,security@incident.io,S2,Security
incomaker.com,support@incomaker.com,S8
incorpro.ie,abuse@incorpro.ie,S3,Abuse / trust / safety
incube8.sg,abuse@incube8.sg,S3,Abuse / trust / safety
indelible.co.nz,info@indelible.co.nz,S9
inderes.com,security@inderes.com,S2,Security
indicaonline.com,security@indicaonline.com,S2,Security
indmoney.com,security@indmoney.com,S2,Security
infakt.pl,bugbounty@infakt.pl,S0,Bug bounty / VDP
infillion.com,security@infillion.com,S2,Security
inflection.io,security@inflection.io,S2,Security
influee.co,abuse@influee.co,S3,Abuse / trust / safety
influx.com,security@influx.com,S2,Security
infrasure.ai,abuse@infrasure.ai,S3,Abuse / trust / safety
ingenious.build,security@ingenious.build,S2,Security
ingest.ai,abuse@ingest.ai,S3,Abuse / trust / safety
inistate.com,inistatedemosession@inistate.com,Sx-d,Other / mixed
inki.tech,security@inki.tech,S2,Security
insided.com,security@insided.com,S2,Security
insiderone.com,dmarc@insiderone.com,Sx-c,DMARC reporting
insites.com,security@insites.com,S2,Security
insource.co.jp,dmarc-report@insource.co.jp,Sx-c,DMARC reporting
inspectionsupport.com,abuse@inspectionsupport.com,S3,Abuse / trust / safety
instabridge.com,support@instabridge.com,S8,Support / help
instantdb.com,hello@instantdb.com,S9,Generic info / contact
instantly.ai,abuse@instantly.ai,S3,Abuse / trust / safety
instrumentl.com,security@instrumentl.com,S2,Security
insurely.com,security@insurely.com,S2,Security
intelimetrica.com,abuse@intelimetrica.com,S3,Abuse / trust / safety
intellizence.com,abuse@intellizence.com,S3,Abuse / trust / safety
intentwise.com,abuse@intentwise.com,S3,Abuse / trust / safety
intercom.com,security@intercom.com,S2,Security
interdiscount.ch,online@service.interdiscount.ch,Sx-d
interlockgtm.com,contact@interlockgtm.com,S9,Generic info / contact
intuswindows.com,hostmaster@intuswindows.com,S7,Admin / postmaster
investdefy.com,abuse@investdefy.com,S3,Abuse / trust / safety
investnext.com,security@investnext.com,S2,Security
ipolish.fashion,dmarcreports@ipolish.fashion,Sx-c,DMARC reporting
iproxy.online,ceo@iproxy.online,Sx-b,Single-word local
itgenius.com,abuse@itgenius.com,S3,Abuse / trust / safety
itstoday.org,abuse@itstoday.org,S3,Abuse / trust / safety
iyengarnyc.org,abuse@iyengarnyc.org,S3,Abuse / trust / safety
jahypotheques.ca,info@jahypotheques.ca,S9,Generic info / contact
jam.dev,security@jam.dev,S2,Security
jam7.com,security@jam7.com,S2,Security
jambase.com,abuse@jambase.com,S3,Abuse / trust / safety
janet.ai,support@janet.ai,S8,Support / help
jasper.ai,security@jasper.ai,S2,Security
jepto.com,abuse@jepto.com,S3,Abuse / trust / safety
jibble.io,support@jibble.io,S8,Support / help
jobphoning.com,abuse@jobphoning.com,S3,Abuse / trust / safety
jobspikr.com,abuse@jobspikr.com,S3,Abuse / trust / safety
joinotto.com,hello@joinotto.com,S9,Generic info / contact
joinswsh.com,security@joinswsh.com,S2,Security
jointimecloud.com,abuse@jointimecloud.com,S3,Abuse / trust / safety
jotform.com,support@jotform.com,S8,Support / help
joyn.one,abuse@joyn.one,S3,Abuse / trust / safety
jplug.io,hello@jplug.io,S9,Generic info / contact
judgmentlabs.ai,abuse@judgmentlabs.ai,S3,Abuse / trust / safety
july.com,abuse@july.com,S3,Abuse / trust / safety
jumpseller.com,security@jumpseller.com,S2
jurny.com,abuse@jurny.com,S3,Abuse / trust / safety
kadoa.com,support@kadoa.com,S8,Support / help
kameobikes.com,info@kameobikes.com,S9,Generic info / contact
kapoq.com,abuse@kapoq.com,S3,Abuse / trust / safety
kapptivate.com,abuse@kapptivate.com,S3,Abuse / trust / safety
karbonhq.com,security@karbonhq.com,S2,Security
kashable.com,security@kashable.com,S2,Security
katanamrp.com,security@katanamrp.com,S2,Security
katara.ai,security@katara.ai,S2,Security
kayzen.io,abuse@kayzen.io,S3,Abuse / trust / safety
keboola.com,security@keboola.com,S2,Security
keeping.com,abuse@keeping.com,S3,Abuse / trust / safety
kernel.ai,abuse@kernel.ai,S3,Abuse / trust / safety
kertos.io,hello@kertos.io,S9,Generic info / contact
kevel.com,security@kevel.com,S2,Security
keywordtool.io,abuse@keywordtool.io,S3,Abuse / trust / safety
kiingo.com,websitecontact@kiingo.com,S9,Generic info / contact
kime.ai,team@kime.ai,S9,Generic info / contact
kinesis.org,security@kinesis.org,S2,Security
kiosked.com,abuse@kiosked.com,S3,Abuse / trust / safety
kissterra.com,security@kissterra.com,S2,Security
kitabh.com,hello@kitabh.com,S9,Generic info / contact
kive.ai,security@kive.ai,S2,Security
kixie.com,security@kixie.com,S2,Security
klaviyo.com,security@klaviyo.com,S2,Security
kleer.se,support@kleer.se,S8
klubi.com.br,security@klubi.com.br,S2,Security
knapsack.cloud,security@knapsack.cloud,S2,Security
knight-solutions.com,internalsecurity@knight-solutions.com,S2,Security
knock.app,support@knock.app,S8,Support / help
knocommerce.com,security@knocommerce.com,S2,Security
knotch.com,security@knotch.com,S2,Security
knowledgegategroup.com,info@knowledgegategroup.com,S9,Generic info / contact
kobana.com.br,seguranca@kobana.com.br,Sx-b,Single-word local
kogenta.com,abuse@kogenta.com,S3,Abuse / trust / safety
konta.com,abuse@konta.com,S3,Abuse / trust / safety
kotzilla.io,abuse@kotzilla.io,S3,Abuse / trust / safety
kourawealth.co.nz,info@kourawealth.co.nz,S9,Generic info / contact
kpicreatives.com,hello@kpicreatives.com,S9,Generic info / contact
kredfeed.com,abuse@kredfeed.com,S3,Abuse / trust / safety
krisp.ai,security@krisp.ai,S2
kruncher.ai,info@kruncher.ai,S9,Generic info / contact
kscope.io,info@kscope.io,S9,Generic info / contact
kubit.ai,security@kubit.ai,S2,Security
kuradashi.jp,abuse@kuradashi.jp,S3,Abuse / trust / safety
kynship.co,abuse@kynship.co,S3,Abuse / trust / safety
lade.de,post@lade.de,Sx-b,Single-word local
laferla.com.mt,abuse@laferla.com.mt,S3,Abuse / trust / safety
lambdatest.com,security@lambdatest.com,S2,Security
landapp.com.br,comercial@landapp.com.br,Sx-b,Single-word local
landstack.co.uk,security@landstack.co.uk,S2,Security
lansweeper.com,security@lansweeper.com,S2,Security
lanterne.ai,abuse@lanterne.ai,S3,Abuse / trust / safety
lasso.ai,abuse@lasso.ai,S3,Abuse / trust / safety
lasso.security,devops@lasso.security,S7,Admin / postmaster
launchgood.com,my_dmarc_report@launchgood.com,Sx-c,DMARC reporting
lawtrades.com,help@lawtrades.com,S8,Support / help
lawvu.com,security@lawvu.com,S2,Security
layer.team,help@layer.team,S8,Support / help
leadfeeder.com,security@leadfeeder.com,S2,Security
leadmagic.io,security@leadmagic.io,S2,Security
leanmote.com,abuse@leanmote.com,S3,Abuse / trust / safety
leanrs.com,info@leanrs.com,S9,Generic info / contact
legalmike.ai,security@legalmike.ai,S2,Security
legroupenova.com,dmarc@legroupenova.com,Sx-c,DMARC reporting
leonardo.ai,security@leonardo.ai,S2,Security
letsweel.com,help@letsweel.com,S8,Support / help
letterdrop.com,support@letterdrop.com,S8,Support / help
lev.com,review@lev.com,Sx-b,Single-word local
levels.fyi,abuse@levels.fyi,S3,Abuse / trust / safety
levelupgroup.nl,abuse@levelupgroup.nl,S3,Abuse / trust / safety
leverest.net,security@leverest.net,S2,Security
levno.com,info@levno.com,S9,Generic info / contact
levo.ai,abuse@levo.ai,S3,Abuse / trust / safety
lhdottie.com,security@lhdottie.com,S2,Security
lickd.co,abuse@lickd.co,S3,Abuse / trust / safety
lightbase.co,abuse@lightbase.co,S3,Abuse / trust / safety
lightmetrics.co,abuse@lightmetrics.co,S3,Abuse / trust / safety
lilt.com,security@lilt.com,S2,Security
limacharlie.io,security@limacharlie.io,S2,Security
limbomusic.com,abuse@limbomusic.com,S3,Abuse / trust / safety
limelife.com,wecare@limelife.com,S8,Support / help
liminal.co,abuse@liminal.co,S3,Abuse / trust / safety
lindo.ai,support@lindo.ai,S8,Support / help
linear.app,security@linear.app,S2,Security
link37.org,abuse@link37.org,S3,Abuse / trust / safety
linktr.ee,dmarc@linktr.ee,Sx-c,DMARC reporting
lions.co,dmarc-reports@lions.co,Sx-c,DMARC reporting
listalpha.com,security@listalpha.com,S2,Security
listenlabs.ai,security@listenlabs.ai,S2,Security
littlebird.ai,security@littlebird.ai,S2,Security
liveplan.com,abuse@liveplan.com,S3,Abuse / trust / safety
liverem.com,abuse@liverem.com,S3,Abuse / trust / safety
liveseo.com.br,abuse@liveseo.com.br,S3,Abuse / trust / safety
llamaindex.ai,security@llamaindex.ai,S2,Security
llexeter.co.uk,webmaster@llexeter.co.uk,S7,Admin / postmaster
lnk.bio,abuse@lnk.bio,S3,Abuse / trust / safety
loadshare.net,abuse@loadshare.net,S3,Abuse / trust / safety
loadsmart.com,carrier@loadsmart.com,Sx-b,Single-word local
locates.com.br,dmarc@locates.com.br,Sx-c,DMARC reporting
lockchain.ai,security@lockchain.ai,S2,Security
loft47.com,abuse@loft47.com,S3,Abuse / trust / safety
logic.inc,support@logic.inc,S8
logrocket.com,trust@logrocket.com,S3,Abuse / trust / safety
logto.io,security@logto.io,S2,Security
lokalise.com,security@lokalise.com,S2,Security
lookback.io,support@lookback.io,S8,Support / help
loopai.com,support@loopai.com,S8,Support / help
loopboard.io,abuse@loopboard.io,S3,Abuse / trust / safety
lorikeetcx.ai,security@lorikeetcx.ai,S2,Security
lovable.dev,abuse@lovable.dev,S3,Abuse / trust / safety
lovepopcards.com,abuse@lovepopcards.com,S3,Abuse / trust / safety
ludusengine.com,security@ludusengine.com,S2,Security
lulifama.com,dmarc@lulifama.com,Sx-c,DMARC reporting
luma.com,security@luma.com,S2,Security
lumar.io,security@lumar.io,S2,Security
luminovo.com,sales@luminovo.com,S10,Sales / marketing / press
luminpdf.com,security@luminpdf.com,S2,Security
lumonic.com,kevin@lumonic.com,Sx-b,Single-word local
lusha.com,legal@lusha.com,S5
mabl.com,inquiry@mabl.com,S9,Generic info / contact
madelevator.com,customerservice@madelevator.com,S8,Support / help
maestrolabs.com,security@maestrolabs.com,S2,Security
magicpatterns.com,security@magicpatterns.com,S2
magicpost.in,naile.titah@magicpost.in,Sx-a,Real-person name
magnific.com,security@magnific.com,S2,Security
mailersend.com,security@mailersend.com,S2
mailkit.com,abuse@mailkit.com,S3,Abuse / trust / safety
majans.com,marketing@majans.com,S10,Sales / marketing / press
make.com,security@make.com,S2,Security
manatal.com,security@manatal.com,S2,Security
maniv.com,abuse@maniv.com,S3,Abuse / trust / safety
manossoftware.com,info@manossoftware.com,S9,Generic info / contact
manufact.com,security@manufact.com,S2,Security
manus.im,contact@manus.im,S9,Generic info / contact
mapbox.com,security@mapbox.com,S2,Security
marketproof.com,abuse@marketproof.com,S3,Abuse / trust / safety
marketxls.com,abuse@marketxls.com,S3,Abuse / trust / safety
marq.com,security@marq.com,S2,Security
marqii.com,support@marqii.com,S8,Support / help
martecko.com,abuse@martecko.com,S3,Abuse / trust / safety
marvinrecruiter.com,abuse@marvinrecruiter.com,S3,Abuse / trust / safety
masters.vc,info@masters.vc,S9,Generic info / contact
matador.ai,security@matador.ai,S2,Security
materialsmarket.com,theteam@materialsmarket.com,S9,Generic info / contact
matik.io,security@matik.io,S2,Security
maxhealth.tech,hello@maxhealth.tech,S9,Generic info / contact
maya-pci.com,contact@maya-pci.com,S9,Generic info / contact
mdcdatacenters.com,abuse@mdcdatacenters.com,S3,Abuse / trust / safety
mdgsolutions.com,abuse@mdgsolutions.com,S3,Abuse / trust / safety
me-qr.com,support@me-qr.com,S8,Support / help
me.sh,security@me.sh,S2,Security
meandu.com,press@meandu.com,S10,Sales / marketing / press
measured.com,security@measured.com,S2,Security
mebot.ai,abuse@mebot.ai,S3,Abuse / trust / safety
medasystems.com,support@medasystems.com,S8,Support / help
mediafly.com,info@mediafly.com,S9,Generic info / contact
mediamath.com,security@mediamath.com,S2,Security
mee6.xyz,security@mee6.xyz,S2,Security
meetgeek.ai,security@meetgeek.ai,S2,Security
meetjamie.ai,security@meetjamie.ai,S2,Security
meetmable.com,abuse@meetmable.com,S3,Abuse / trust / safety
meetminutes.in,dmarc@meetminutes.in,Sx-c,DMARC reporting
meetsquad.ai,abuse@meetsquad.ai,S3,Abuse / trust / safety
meetup.com,security@meetup.com,S2,Security
megaport.com,vulnerability.disclosure@megaport.com,S0,Bug bounty / VDP
meikai.ai,abuse@meikai.ai,S3,Abuse / trust / safety
meisterlabs.com,security@meisterlabs.com,S2,Security
mellow.io,dpo@mellow.io,S4
mem.ai,abuse@mem.ai,S3,Abuse / trust / safety
memberspot.de,abuse@memberspot.de,S3,Abuse / trust / safety
memberstack.com,abuse@memberstack.com,S3,Abuse / trust / safety
mendo.cloud,hi@mendo.cloud,S9,Generic info / contact
mentatech.io,abuse@mentatech.io,S3,Abuse / trust / safety
mentionlab.io,legal@mentionlab.io,S5,Legal / compliance
mentionlytics.com,abuse@mentionlytics.com,S3,Abuse / trust / safety
meow.com,security@meow.com,S2,Security
mercadolibre.com,bugbounty@mercadolibre.com,S0,Bug bounty / VDP
merchtable.com,abuse@merchtable.com,S3,Abuse / trust / safety
mercury.com,security@mercury.com,S2,Security
mesmer.co,security@mesmer.co,S2,Security
messari.io,abuse@messari.io,S3,Abuse / trust / safety
meteomatics.com,security@meteomatics.com,S2,Security
micador.com.au,security@micador.com.au,S2,Security
middesk.com,security@middesk.com,S2,Security
milemaker.com,security@milemaker.com,S2,Security
millistream.com,tech@millistream.com,Sx-b,Single-word local
millow.co,enquiries@millow.co,S9,Generic info / contact
mindmeister.com,press@mindmeister.com,S10,Sales / marketing / press
minicoursegenerator.com,support@minicoursegenerator.com,S8,Support / help
minicrm.hu,help@minicrm.hu,S8,Support / help
minicrm.ro,suport@minicrm.ro,Sx-b,Single-word local
mintlify.com,dmarc-reports@mintlify.com,Sx-c,DMARC reporting
minubo.com,abuse@minubo.com,S3,Abuse / trust / safety
miramis.co,abuse@miramis.co,S3,Abuse / trust / safety
miro.com,security@miro.com,S2,Security
mitsiomotu.com,info@mitsiomotu.com,S9,Generic info / contact
mittwald.de,security@mittwald.de,S2,Security
mixmax.com,security@mixmax.com,S2,Security
mixpanel.com,bugbounty@mixpanel.com,S0,Bug bounty / VDP
mobile-text-alerts.com,sales@mobile-text-alerts.com,S10,Sales / marketing / press
modoenergy.com,security@modoenergy.com,S2,Security
mogul.club,support@mogul.club,S8,Support / help
momentumamp.com,abuse@momentumamp.com,S3,Abuse / trust / safety
monest.com.br,security@monest.com.br,S2,Security
montai.com,postmaster@montai.com,S7,Admin / postmaster
moodys.com,security@moodys.com,S2,Security
moonlit.ai,abuse@moonlit.ai,S3,Abuse / trust / safety
moovel.com,security@moovel.com,S2,Security
morganastudios.com,info@morganastudios.com,S9,Generic info / contact
morgans.com.au,security@morgans.com.au,S2,Security
morningscore.io,abuse@morningscore.io,S3,Abuse / trust / safety
morningstar.com,security@morningstar.com,S2,Security
motra.com,abuse@motra.com,S3,Abuse / trust / safety
msci.com,security@msci.com,S2,Security
mscience.com,info@mscience.com,S9,Generic info / contact
mudstack.com,abuse@mudstack.com,S3,Abuse / trust / safety
musicinfra.com,abuse@musicinfra.com,S3,Abuse / trust / safety
musixmatch.com,security@musixmatch.com,S2,Security
mutinyhq.com,security@mutinyhq.com,S2,Security
mutual.app,tyler@mutual.app,Sx-b,Single-word local
mux.com,security@mux.com,S2,Security
mydevices.com,security@mydevices.com,S2,Security
mymeet.ai,abuse@mymeet.ai,S3,Abuse / trust / safety
myn.co.uk,support@myn.co.uk,S8,Support / help
myop.dev,abuse@myop.dev,S3,Abuse / trust / safety
mypureinsights.com,dmarc-reports@mypureinsights.com,Sx-c,DMARC reporting
myswimpro.com,support@myswimpro.com,S8,Support / help
n3xt.io,infosec@n3xt.io,S1,PSIRT / CERT / SOC
namauu.com,security@namauu.com,S2,Security
nanonets.com,info@nanonets.com,S9,Generic info / contact
napta.io,security@napta.io,S2,Security
narrative.io,security@narrative.io,S2,Security
native.security,abuse@native.security,S3,Abuse / trust / safety
nativo.com,security@nativo.com,S2,Security
natura.io,security@natura.io,S2,Security
navan.com,sre+cert@navan.com,S1,PSIRT / CERT / SOC
nclarity.com,security@nclarity.com,S2,Security
needl.ai,abuse@needl.ai,S3,Abuse / trust / safety
nekt.com,abuse@nekt.com,S3,Abuse / trust / safety
netradyne.com,infosec@netradyne.com,S1,PSIRT / CERT / SOC
netrefer.com,infraeng@netrefer.com,Sx-b,Single-word local
neurosity.co,support@neurosity.co,S8
neutroon.com,abuse@neutroon.com,S3,Abuse / trust / safety
nevados.solar,privacy@nevados.solar,S4
nevent.ai,support@nevent.ai,S8,Support / help
newrelic.com,privacy@newrelic.com,S4,Privacy / DPO / GDPR
newsleopard.com,abuse@newsleopard.com,S3,Abuse / trust / safety
newstex.com,support@newstex.com,S8,Support / help
nex.ai,security@nex.ai,S2,Security
nexcpg.com,abuse@nexcpg.com,S3,Abuse / trust / safety
nextdocs.io,abuse@nextdocs.io,S3,Abuse / trust / safety
nexyo.io,info@nexyo.io,S9,Generic info / contact
nirvanahq.com,legal@nirvanahq.com,S5
nocfo.io,abuse@nocfo.io,S3,Abuse / trust / safety
noma.security,security@noma.security,S2,Security
nostra.ai,security@nostra.ai,S2,Security
notion.com,support@notionhq.com,S8
novatalent.com,security@novatalent.com,S2,Security
novatech.com.ar,contacto@novatech.com.ar,S9,Generic info / contact
noviams.com,security@noviams.com,S2,Security
novoplan.com.au,security@novoplan.com.au,S2,Security
novopsych.com,info@novopsych.com,S9,Generic info / contact
nue.io,security@nue.io,S2,Security
nueveonce.com,abuse@nueveonce.com,S3,Abuse / trust / safety
nuwapen.com,privacy@nuwapen.com,S4
nvoip.com.br,lgpd@nvoip.com.br,S9
nyquistai.com,service@nyquistai.com,S8,Support / help
obat.fr,security@obat.fr,S2,Security
octavehq.com,dmarc-reports@octavehq.com,Sx-c,DMARC reporting
octolane.com,security@octolane.com,S2,Security
octoparse.com,support@octoparse.com,S8,Support / help
octorate.com,tech@octorate.com,Sx-b,Single-word local
oktopost.com,security@oktopost.com,S2,Security
oliverslabels.com,info@oliverslabels.com,S9,Generic info / contact
omnea.co,security@omnea.co,S2,Security
omnicasa.com,info@omnicasa.com,S9,Generic info / contact
omnidim.io,security@omnidim.io,S2,Security
omnivio.io,abuse@omnivio.io,S3,Abuse / trust / safety
oncrawl.com,security@oncrawl.com,S2,Security
oneassessment.com,hello@oneassessment.com,S9,Generic info / contact
onepage.io,security@onepage.io,S2,Security
onepay.com,responsible-disclosure@onepay.com,S0
onepeloton.com,support@onepeloton.com,S8,Support / help
onfrontiers.com,abuse@onfrontiers.com,S3,Abuse / trust / safety
onlook.com,abuse@onlook.com,S3,Abuse / trust / safety
onlycat.com,abuse@onlycat.com,S3,Abuse / trust / safety
onlyoffice.com,security@onlyoffice.com,S2,Security
ontra.ai,security@ontra.ai,S2,Security
ontraport.com,security@ontraport.com,S2,Security
onyxplatform.com,security@onyxplatform.com,S2,Security
oort.io,accounts+dmarc-agg@oort.io,Sx-c,DMARC reporting
openbridge.com,abuse@openbridge.com,S3,Abuse / trust / safety
openfunnel.dev,abuse@openfunnel.dev,S3,Abuse / trust / safety
operating.app,security@operating.app,S2,Security
opquast.com,abuse@opquast.com,S3,Abuse / trust / safety
optimizedpayments.com,security@optimizedpayments.com,S2,Security
optimizely.com,securityeng@optimizely.com,S2,Security
orbb.com,security@orbb.com,S2,Security
orbitfin.ai,info@orbitfin.ai,S9,Generic info / contact
orderful.com,security@orderful.com,S2,Security
orilearning.com,support@orilearning.com,S8
orus-energy.com,abuse@orus-energy.com,S3,Abuse / trust / safety
osaas.io,contact@support.osaas.io,S9,Generic info / contact
osome.com,security@osome.com,S2,Security
otelai.com,hello@otelai.com,S9,Generic info / contact
otocrm.com.br,abuse@otocrm.com.br,S3,Abuse / trust / safety
otter.ai,security@otter.ai,S2,Security
ottimate.com,abuse@ottimate.com,S3,Abuse / trust / safety
ottit.com,abuse@ottit.com,S3,Abuse / trust / safety
outlit.ai,security@outlit.ai,S2,Security
overfuel.com,security@overfuel.com,S2,Security
ovintiv.com,offsetfracs@ovintiv.com,S8,Support / help
ovrsea.com,abuse@ovrsea.com,S3,Abuse / trust / safety
owlvc.com,forensicreports@owlvc.com,Sx-d,Other / mixed
ownright.com,abuse@ownright.com,S3,Abuse / trust / safety
oxit.com,contact@oxit.com,S9,Generic info / contact
pacelabs.com,security@pacelabs.com,S2,Security
padlet.com,hello@padlet.com,S9,Generic info / contact
pagerduty.com,security@pagerduty.com,S2
pagos.ai,security@pagos.ai,S2,Security
pandadoc.com,security@pandadoc.com,S2,Security
papermill.io,dmarc-reports@papermill.io,Sx-c,DMARC reporting
pappers.fr,abuse@pappers.fr,S3,Abuse / trust / safety
parcllabs.com,dmarc@parcllabs.com,Sx-c,DMARC reporting
parkable.com,security@parkable.com,S2,Security
parqet.com,abuse@parqet.com,S3,Abuse / trust / safety
particl.com,dmarc@particl.com,Sx-c,DMARC reporting
passcreator.com,hello@passcreator.com,S9,Generic info / contact
patch.io,security@patch.io,S2,Security
patentfield.com,contact@patentfield.com,S9,Generic info / contact
patentmaker.eu,security@patentmaker.eu,S2,Security
pateo.com.cn,psirt@pateo.com.cn,S0
patiobatel.com.br,dmarc@patiobatel.com.br,Sx-c,DMARC reporting
patitasco.com,abuse@patitasco.com,S3,Abuse / trust / safety
paubox.com,security@paubox.com,S2,Security
pavefi.com,security@pavefi.com,S2,Security
paymob.com,dmarc@paymob.com,Sx-c,DMARC reporting
payouts.com,abuse@payouts.com,S3,Abuse / trust / safety
paypal.com,ppbugbounty@paypal.com,S0
paytrail.com,kumppanit@paytrail.com,Sx-b,Single-word local
paywall.one,abuse@paywall.one,S3,Abuse / trust / safety
paywithlocus.com,abuse@paywithlocus.com,S3,Abuse / trust / safety
pdf.net,support@pdf.net,S8,Support / help
peakmetrics.com,security@peakmetrics.com,S2,Security
pearl.com,bizdev@pearl.com,Sx-b,Single-word local
pearldiver.io,support@pearldiver.io,S8,Support / help
pelcro.com,security@pelcro.com,S2,Security
people.ai,security@people.ai,S2,Security
peq.ai,abuse@peq.ai,S3,Abuse / trust / safety
perdoo.com,security@perdoo.com,S2,Security
perfai.ai,intesar@perfai.ai,Sx-b,Single-word local
pga.com,pgadmarcemail@pga.com,Sx-c,DMARC reporting
photoncommerce.com,info@photoncommerce.com,S9,Generic info / contact
photoroom.com,security@photoroom.com,S2,Security
pickfu.com,info@pickfu.com,S9,Generic info / contact
pin.com,abuse@pin.com,S3,Abuse / trust / safety
pinegap.ai,privacy@pinegap.ai,S4
pipe17.com,security@pipe17.com,S2,Security
piperai.com,security@piperai.com,S2,Security
pixa.com,support@pixa.com,S8
placester.com,security@placester.com,S2,Security
planable.io,hello@planable.io,S9,Generic info / contact
planprophet.com,abuse@planprophet.com,S3,Abuse / trust / safety
plaud.ai,security@plaud.ai,S2,Security
plotline.so,security@plotline.so,S2,Security
pocketsmith.com,postmaster@pocketsmith.com,S7,Admin / postmaster
podio.com,security@podio.com,S2,Security
podpage.com,info@podpage.com,S9,Generic info / contact
point-topic.com,info@point-topic.com,S9,Generic info / contact
pointfive.co,security@pointfive.co,S2,Security
polytomic.com,security@polytomic.com,S2,Security
pop.in,abuse@pop.in,S3,Abuse / trust / safety
portao3.com.br,abuse@portao3.com.br,S3,Abuse / trust / safety
portkey.ai,abuse@portkey.ai,S3,Abuse / trust / safety
postman.com,security@postman.com,S2,Security
postmypost.io,marketing@postmypost.io,S10,Sales / marketing / press
powernaut.io,abuse@powernaut.io,S3,Abuse / trust / safety
powersupportpartners.com,dmarc-reports@powersupportpartners.com,Sx-c,DMARC reporting
powtoon.com,support@powtoon.com,S8
pragma.com.co,security@pragma.com.co,S2,Security
praiz.io,dpo@praiz.io,S4,Privacy / DPO / GDPR
pramata.com,abuse@pramata.com,S3,Abuse / trust / safety
praxi.io,abuse@praxi.io,S3,Abuse / trust / safety
predactiv.com,security@predactiv.com,S2,Security
predicthq.com,security@predicthq.com,S2,Security
predictiveindex.com,privacy@predictiveindex.com,S4,Privacy / DPO / GDPR
prepared.app,info@prepared.app,S9,Generic info / contact
preppr.ai,abuse@preppr.ai,S3,Abuse / trust / safety
prescriberpoint.com,support@prescriberpoint.com,S8,Support / help
presien.com,info@presien.com,S9,Generic info / contact
pricehubble.com,security@pricehubble.com,S2,Security
pricelabs.co,abuse@pricelabs.co,S3,Abuse / trust / safety
prima.ai,abuse@prima.ai,S3,Abuse / trust / safety
primum.co,security@primum.co,S2,Security
print.com,contact@print.com,S9,Generic info / contact
prisma.io,security@prisma.io,S2,Security
prismatic.io,security@prismatic.io,S2,Security
prismic.io,security@prismic.io,S2,Security
privacy.com,vdp@privacy.com,S0,Bug bounty / VDP
prixuserp.com,contacto@prixuserp.com,S9,Generic info / contact
prizm-energy.com,info@prizm-energy.com,S9,Generic info / contact
product.ai,contact@product.ai,S9,Generic info / contact
productive.io,contact@productive.io,S9,Generic info / contact
prohotel-edv.de,do-not-reply@prohotel-edv.de,Sx-d,Other / mixed
projectcor.com,abuse@projectcor.com,S3,Abuse / trust / safety
projectleannation.com,abuse@projectleannation.com,S3,Abuse / trust / safety
prokeep.com,security@prokeep.com,S2,Security
proluno.com.br,abuse@proluno.com.br,S3,Abuse / trust / safety
prompt.security,abuse@prompt.security,S3,Abuse / trust / safety
prontohq.com,abuse@prontohq.com,S3,Abuse / trust / safety
prontopago.com.ar,abuse@prontopago.com.ar,S3,Abuse / trust / safety
propeller.co.uk,security@propeller.co.uk,S2,Security
proposify.com,abuse@proposify.com,S3,Abuse / trust / safety
propper.ai,security@propper.ai,S2,Security
propup.at,abuse@propup.at,S3,Abuse / trust / safety
propush.me,abuse@propush.me,S3,Abuse / trust / safety
proresources.com,security@proresources.com,S2,Security
prosaic.works,hello@prosaic.works,S9,Generic info / contact
prospeo.io,security@prospeo.io,S2,Security
prscnt.com,abuse@prscnt.com,S3,Abuse / trust / safety
prxyco.com,support@prxyco.com,S8,Support / help
public.com,security@public.com,S2,Security
pubnub.com,privacy@pubnub.com,S4,Privacy / DPO / GDPR
pucara.io,security@pucara.io,S2,Security
pulsegen.io,abuse@pulsegen.io,S3,Abuse / trust / safety
pulseintelligence.com,abuse@pulseintelligence.com,S3,Abuse / trust / safety
pursuit.amsterdam,abuse@pursuit.amsterdam,S3,Abuse / trust / safety
pxdata.ai,abuse@pxdata.ai,S3,Abuse / trust / safety
qlerify.com,security@qlerify.com,S2,Security
qminder.com,info@qminder.com,S9,Generic info / contact
qoets.nl,hostmaster@qoets.nl,S7,Admin / postmaster
qonversion.io,abuse@qonversion.io,S3,Abuse / trust / safety
qti.co.id,info@qti.co.id,S9,Generic info / contact
quanthome.com,contact@quanthome.com,S9,Generic info / contact
quartile.com,contact@quartile.com,S9,Generic info / contact
quartr.com,security@quartr.com,S2,Security
query.ai,security@query.ai,S2,Security
questionpro.com,vulnerability@questionpro.com,S0,Bug bounty / VDP
quicknode.com,security@quicknode.com,S2,Security
quid.com,security@quid.com,S2,Security
quinn-ai.com,abuse@quinn-ai.com,S3,Abuse / trust / safety
quiverquant.com,abuse@quiverquant.com,S3,Abuse / trust / safety
quivly.ai,security@quivly.ai,S2,Security
quotech.io,info@quotech.io,S9,Generic info / contact
quradata.com,abuse@quradata.com,S3,Abuse / trust / safety
rach.io,abuse@rach.io,S3,Abuse / trust / safety
raindrop.ai,security@raindrop.ai,S2,Security
raisely.com,privacy@raisely.com,S4,Privacy / DPO / GDPR
rallyuxr.com,bugbounty@rallyuxr.com,S0,Bug bounty / VDP
ramp.com,security-external@ramp.com,S2,Security
rapidflare.ai,abuse@rapidflare.ai,S3,Abuse / trust / safety
rapido.co.nz,support@rapido.co.nz,S8,Support / help
raylu.ai,abuse@raylu.ai,S3,Abuse / trust / safety
rayyan.ai,support@rayyan.ai,S8,Support / help
razorpay.com,security@razorpay.com,S2
realtimelca.com,support@realtimelca.com,S8
reap.global,support@reap.global,S8,Support / help
rebike.com,webmaster@rebike.com,S7,Admin / postmaster
receiptor.ai,abuse@receiptor.ai,S3,Abuse / trust / safety
reclaim.ai,infosec@reclaim.ai,S1
recordedfuture.com,security@recordedfuture.com,S2
recruitu.com,abuse@recruitu.com,S3,Abuse / trust / safety
recurly.com,security@recurly.com,S2
redbuttonedu.cz,info@redbuttonedu.cz,S9,Generic info / contact
reeporter.ai,dmarc-reports@reeporter.ai,Sx-c,DMARC reporting
reevo.ai,security@reevo.ai,S2,Security
referralcandy.com,security@referralcandy.com,S2,Security
reg-genome.com,security@reg-genome.com,S2,Security
relay.app,security@relay.app,S2,Security
relevanceai.com,security@relevanceai.com,S2,Security
relpro.com,info@relpro.com,S9,Generic info / contact
relynk.io,abuse@relynk.io,S3,Abuse / trust / safety
remote.com,security@remote.com,S2,Security
reo.dev,support@reo.dev,S8,Support / help
replicate.com,security@replicate.com,S2,Security
reshapex.com,security@reshapex.com,S2,Security
respan.ai,security@respan.ai,S2,Security
rest.com,abuse@rest.com,S3,Abuse / trust / safety
restream.io,security@restream.io,S2,Security
retab.com,abuse@retab.com,S3,Abuse / trust / safety
reteno.com,support@reteno.com,S8,Support / help
reversinglabs.com,security@reversinglabs.com,S2,Security
revisiondojo.com,security@revisiondojo.com,S2,Security
revsend.com,abuse@revsend.com,S3,Abuse / trust / safety
revspire.io,dmarc@revspire.io,Sx-c,DMARC reporting
rezoomex.com,team@rezoomex.com,S9,Generic info / contact
rhinofcp.com,security@rhinofcp.com,S2,Security
rhinohealth.com,security@rhinohealth.com,S2,Security
richpanel.com,security@richpanel.com,S2,Security
ringotel.com,support@ringotel.com,S8,Support / help
risepeople.com,security@risepeople.com,S2,Security
rivio.com.br,abuse@rivio.com.br,S3,Abuse / trust / safety
roboflow.com,help@roboflow.com,S8,Support / help
rocketlane.com,security@rocketlane.com,S2,Security
rockhopper.co,abuse@rockhopper.co,S3,Abuse / trust / safety
roihunter.com,info@roihunter.com,S9,Generic info / contact
rolli.ai,security@rolli.ai,S2,Security
roomme.id,dmarc@roomme.id,Sx-c,DMARC reporting
rootly.com,security@rootly.com,S2,Security
roundhr.com,abuse@roundhr.com,S3,Abuse / trust / safety
roundtreasury.com,help@roundtreasury.com,S8,Support / help
rowads.studio,abuse@rowads.studio,S3,Abuse / trust / safety
rowzero.com,security@rowzero.com,S2,Security
rubix.nz,teamcomputing@rubix.nz,S9,Generic info / contact
rudderstack.com,security@rudderstack.com,S2,Security
runrehearsals.com,security@runrehearsals.com,S2,Security
runway.team,security@runway.team,S2,Security
runwayml.com,security@runwayml.com,S2,Security
rupeezy.in,support@rupeezy.in,S8,Support / help
rushdb.com,hi@rushdb.com,S9,Generic info / contact
rye.com,security@rye.com,S2,Security
ryestrategy.com,abuse@ryestrategy.com,S3,Abuse / trust / safety
sabre.com,security@sabre.com,S2,Security
sacavalcante.com.br,dmarc@sacavalcante.com.br,Sx-c,DMARC reporting
sadagaat-usa.org,abuse@sadagaat-usa.org,S3,Abuse / trust / safety
safetyculture.com,security@safetyculture.com,S2,Security
saidot.ai,security@saidot.ai,S2,Security
sales-mind.ai,privacy@sales-mind.ai,S4
saleshandy.com,security@saleshandy.com,S2,Security
saleslayer.com,security@saleslayer.com,S2,Security
salesloft.com,vdp@salesloft.com,S0
salesmanago.com,security-team@salesmanago.com,S2,Security
samaya.ai,abuse@samaya.ai,S3,Abuse / trust / safety
sanity.io,security@sanity.io,S2,Security
sanka.com,hey@sanka.com,S9,Generic info / contact
satellitesonfire.com,abuse@satellitesonfire.com,S3,Abuse / trust / safety
savecall.de,kontakt@savecall.de,S9,Generic info / contact
sawmills.ai,security@sawmills.ai,S2,Security
saxum.com,info@saxum.com,S9,Generic info / contact
sayhellocollege.com,abuse@sayhellocollege.com,S3,Abuse / trust / safety
scaleflex.com,security@scaleflex.com,S2,Security
scalestack.ai,security@scalestack.ai,S2,Security
scanpower.com,security@scanpower.com,S2,Security
scenario.com,dmarcreports@scenario.com,Sx-c,DMARC reporting
schemaapp.com,support@schemaapp.com,S8,Support / help
schemantic.io,abuse@schemantic.io,S3,Abuse / trust / safety
scienceexchange.com,security@scienceexchange.com,S2,Security
scienceofpeople.com,abuse@scienceofpeople.com,S3,Abuse / trust / safety
scientist.com,support@scientist.com,S8,Support / help
scispot.io,security@scispot.io,S2,Security
scorecard.io,security@scorecard.io,S2,Security
scripe.io,abuse@scripe.io,S3,Abuse / trust / safety
scriptsave.com,security-reporting@scriptsave.com,S2,Security
scvsoft.com,abuse@scvsoft.com,S3,Abuse / trust / safety
seam.co,security@seam.co,S2
seamless.ai,security@seamlessai.com,S2
searchatlas.com,security@searchatlas.com,S2,Security
searchinfluence.com,info@searchinfluence.com,S9,Generic info / contact
searchunify.com,info@searchunify.com,S9,Generic info / contact
sectionai.com,security@sectionai.com,S2,Security
securin.io,abuse@securin.io,S3,Abuse / trust / safety
seerinteractive.com,dmarc@seerinteractive.com,Sx-c,DMARC reporting
segmentstream.com,security@segmentstream.com,S2,Security
seismic.com,security@seismic.com,S2,Security
selffundhealth.com,abuse@selffundhealth.com,S3,Abuse / trust / safety
sellerx.com,security@sellerx.com,S2,Security
sellthru.me,abuse@sellthru.me,S3,Abuse / trust / safety
seltz.ai,support@seltz.ai,S8,Support / help
semactic.com,celine.naveau@semactic.com,Sx-a,Real-person name
sendpulse.com,support@sendpulse.com,S8,Support / help
sendsquared.com,hello@sendsquared.com,S9,Generic info / contact
senja.io,abuse@senja.io,S3,Abuse / trust / safety
sensia.ai,abuse@sensia.ai,S3,Abuse / trust / safety
sensolus.com,security@sensolus.com,S2,Security
sentinelrisk.ie,security@sentinelrisk.ie,S2,Security
seoenmexico.com,miguel@seoenmexico.com,Sx-b,Single-word local
seon.io,security@seon.io,S2,Security
seqera.io,security@seqera.io,S2,Security
serpstat.com,k.hordiienko@serpstat.com,Sx-d,Other / mixed
sesametime.com,soporte@sesametime.com,S8
sessionboard.com,support@sessionboard.com,S8
seven.io,support@seven.io,S8,Support / help
seyna.eu,security@seyna.eu,S2,Security
shade.inc,security@shade.inc,S2,Security
shakebugs.com,friends@shakebugs.com,Sx-b,Single-word local
shaped.ai,abuse@shaped.ai,S3,Abuse / trust / safety
shapes.co,security@shapes.co,S2,Security
sharethis.com,support@sharethis.com,S8,Support / help
shiftcare.com,security@shiftcare.com,S2,Security
shinhansec.com.vn,hostmaster@shinhansec.com.vn,S7,Admin / postmaster
shinkansen.finance,security@shinkansen.finance,S2,Security
shipsaving.com,abuse@shipsaving.com,S3,Abuse / trust / safety
shirtee.cloud,bugs@shirtee.cloud,S0
shoott.com,info@shoott.com,S9,Generic info / contact
shoptrade.co,abuse@shoptrade.co,S3,Abuse / trust / safety
shorta.com,abuse@shorta.com,S3,Abuse / trust / safety
shortcut.com,security@shortcut.com,S2,Security
shotstack.io,support@shotstack.io,S8,Support / help
siena.cx,security@siena.cx,S2,Security
sigma.software,info@sigma.software,S9,Generic info / contact
signal-ai.com,security@signal-ai.com,S2,Security
silabs.com,feedback@silabs.com,S6,Reports / feedback
silveiro.com.br,compliance@silveiro.com.br,S4
similar.ai,abuse@similar.ai,S3,Abuse / trust / safety
similarweb.com,support@similarweb.com,S8,Support / help
simplero.com,abuse@simplero.com,S3,Abuse / trust / safety
singular.net,security@singular.net,S2,Security
sitebrunch.com,croissant@sitebrunch.com,S9,Generic info / contact
siteline.ai,abuse@siteline.ai,S3,Abuse / trust / safety
sitewise.com,security@sitewise.com,S2,Security
sixtyfour.ai,abuse@sixtyfour.ai,S3,Abuse / trust / safety
skillberg.app,abuse@skillberg.app,S3,Abuse / trust / safety
skillground.com,abuse@skillground.com,S3,Abuse / trust / safety
skilljar.com,security@skilljar.com,S2,Security
slashpage.com,abuse@slashpage.com,S3,Abuse / trust / safety
slateteams.com,abuse@slateteams.com,S3,Abuse / trust / safety
sleekplan.com,support@sleekplan.com,S8,Support / help
slidespeak.co,abuse@slidespeak.co,S3,Abuse / trust / safety
slipstreammusic.com,abuse@slipstreammusic.com,S3,Abuse / trust / safety
sloan.org,dmarcreports@sloan.org,Sx-c,DMARC reporting
smarte.pro,ithelpdesk@smarte.pro,S8,Support / help
smarttalks.ai,abuse@smarttalks.ai,S3,Abuse / trust / safety
smarttask.io,abuse@smarttask.io,S3,Abuse / trust / safety
smartthings.com,security@smartthings.com,S2,Security
snapsight.com,cs@snapsight.com,S8,Support / help
snowfox.ai,security@snowfox.ai,S2,Security
sns.id,abuse@sns.id,S3
socialchamp.com,hello@socialchamp.com,S9,Generic info / contact
socialinsider.io,security@socialinsider.io,S2,Security
socialpilot.co,security@socialpilot.co,S2,Security
socialpruf.com,abuse@socialpruf.com,S3,Abuse / trust / safety
socialtip.io,abuse@socialtip.io,S3,Abuse / trust / safety
socket.dev,security@socket.dev,S2,Security
soclecollections.com,abuse@soclecollections.com,S3,Abuse / trust / safety
sodagift.com,support@sodagift.com,S8,Support / help
sonr.global,postmaster@sonr.global,S7,Admin / postmaster
sonraisecurity.com,abuse@sonraisecurity.com,S3,Abuse / trust / safety
sopro.io,abuse@sopro.io,S3,Abuse / trust / safety
sosovalue.com,security@sosovalue.com,S2,Security
soundcharts.com,abuse@soundcharts.com,S3,Abuse / trust / safety
source.ag,security@source.ag,S2,Security
southparkcommons.com,abuse@southparkcommons.com,S3,Abuse / trust / safety
soyio.id,abuse@soyio.id,S3,Abuse / trust / safety
spacegoats.io,info@spacegoats.io,S9,Generic info / contact
spaik.io,abuse@spaik.io,S3,Abuse / trust / safety
sparkloop.app,abuse@sparkloop.app,S3,Abuse / trust / safety
sparktoro.com,security@sparktoro.com,S2,Security
speakeasymarketinginc.com,support@speakeasymarketinginc.com,S8,Support / help
spectral.hu,abuse@spectral.hu,S3,Abuse / trust / safety
speeding-rocket.com,abuse@speeding-rocket.com,S3,Abuse / trust / safety
speero.com,abuse@speero.com,S3,Abuse / trust / safety
spekit.co,infra+security@spekit.co,S2,Security
sphereinsight.com,abuse@sphereinsight.com,S3,Abuse / trust / safety
spike.digital,abuse@spike.digital,S3,Abuse / trust / safety
spinach.ai,security@spinach.ai,S2,Security
spinify.com,security@spinify.com,S2,Security
spoonity.com,support@spoonity.com,S8,Support / help
spot.ai,abuse@spot.ai,S3,Abuse / trust / safety
spott.io,info@spott.io,S9,Generic info / contact
spredo.io,gm@spredo.io,Sx-b,Single-word local
sprig.com,dmarc@sprig.com,Sx-c,DMARC reporting
springbokproperties.co.uk,abuse@springbokproperties.co.uk,S3,Abuse / trust / safety
springthrough.com,security@springthrough.com,S2,Security
springverify.com,sales@springverify.com,S10,Sales / marketing / press
sprinto.com,webadmin@sprinto.com,Sx-b,Single-word local
sproutsocial.com,security-alerts@sproutsocial.com,S2,Security
spycraft.co,abuse@spycraft.co,S3,Abuse / trust / safety
spyne.app,privacy@spyne.app,S4,Privacy / DPO / GDPR
squareup.com,herbert@squareup.com,Sx-b,Single-word local
squidler.io,dmarc@squidler.io,Sx-c,DMARC reporting
stablewood.com,abuse@stablewood.com,S3,Abuse / trust / safety
stackadapt.com,security@stackadapt.com,S2,Security
stackby.com,security@stackby.com,S2,Security
stacklist.com,help@stacklist.com,S8,Support / help
staer.ai,abuse@staer.ai,S3,Abuse / trust / safety
standardmetrics.io,security@standardmetrics.io,S2,Security
startaiming.com,dmarc@startaiming.com,Sx-c,DMARC reporting
startdeliver.com,hello@startdeliver.com,S9,Generic info / contact
stealthmole.com,sales@stealthmole.com,S10,Sales / marketing / press
steep.app,security@steep.app,S2,Security
stena.com,abuse@stena.com,S3,Abuse / trust / safety
stitchflow.io,contact@stitchflow.io,S9,Generic info / contact
storeganise.com,security@storeganise.com,S2,Security
storehero.ai,abuse@storehero.ai,S3,Abuse / trust / safety
stormrecruit.com,info@stormrecruit.com,S9,Generic info / contact
storydoc.com,security@storydoc.com,S2,Security
straddle.com,support@straddle.com,S8,Support / help
streamkap.com,security@streamkap.com,S2,Security
stripe.com,security@stripe.com,S2
strobes.co,hello@strobes.co,S9,Generic info / contact
structured.app,support@structured.app,S8
studystash.com,security@studystash.com,S2,Security
subframe.com,abuse@subframe.com,S3,Abuse / trust / safety
subtotal.com,dmarc@subtotal.com,Sx-c,DMARC reporting
sumble.com,security@sumble.com,S2,Security
summ.com,security@summ.com,S2,Security
sumologic.com,security@sumologic.com,S2,Security
sumup.com,bugbounty@sumup.com,S0,Bug bounty / VDP
sunairio.com,abuse@sunairio.com,S3,Abuse / trust / safety
supademo.com,security@supademo.com,S2,Security
superglue.ai,security@superglue.ai,S2,Security
supergood.ai,hello@supergood.ai,S9,Generic info / contact
superme.ai,security@superme.ai,S2,Security
supermetrics.com,security@supermetrics.com,S2,Security
supernewsroom.ai,abuse@supernewsroom.ai,S3,Abuse / trust / safety
supernova.ai,security@supernova.ai,S2,Security
superoffice.com,info@superoffice.com,S9,Generic info / contact
superscale.com,security@superscale.com,S2,Security
supersend.io,security@supersend.io,S2,Security
supertruth.ai,security@supertruth.ai,S2,Security
superwall.com,team@superwall.com,S9,Generic info / contact
supplybrain.ai,dmarc@supplybrain.ai,Sx-c,DMARC reporting
supportlogic.io,security@supportlogic.io,S2,Security
surveymonkey.com,abuse@surveymonkey.com,S3,Abuse / trust / safety
swaarm.com,privacy@swaarm.com,S4
sweetanalytics.com,abuse@sweetanalytics.com,S3,Abuse / trust / safety
swiggy.com,security@swiggy.in,S2
swoogo.com,security@swoogo.com,S2,Security
sybill.ai,abuse@sybill.ai,S3,Abuse / trust / safety
symmetre.com,security@symmetre.com,S2,Security
symmetrical.ai,security@symmetrical.ai,S2,Security
sync.so,security@sync.so,S2,Security
syncari.com,security@syncari.com,S2,Security
synply.io,support@synply.io,S8,Support / help
synq.io,security@synq.io,S2,Security
t54.ai,abuse@t54.ai,S3,Abuse / trust / safety
tactiq.io,security@tactiq.io,S2,Security
taggify.net,abuse@taggify.net,S3,Abuse / trust / safety
taghub.net,abuse@taghub.net,S3,Abuse / trust / safety
taikai.network,abuse@taikai.network,S3,Abuse / trust / safety
tailorhq.ai,security@tailorhq.ai,S2,Security
takeprofit.com,dmarcreports@takeprofit.com,Sx-c,DMARC reporting
tako.com,security@tako.com,S2,Security
tallyfy.com,amit@tallyfy.com,Sx-b,Single-word local
talonic.com,dmarc@talonic.com,Sx-c,DMARC reporting
talproindia.com,security@talproindia.com,S2,Security
tamarind.bio,info@tamarind.bio,S9,Generic info / contact
tandom.ai,hello@tandom.ai,S9,Generic info / contact
targetboard.ai,security@targetboard.ai,S2,Security
tavanbogd.com,info@tavanbogd.com,S9,Generic info / contact
tavily.com,security@tavily.com,S2,Security
tax1099.com,support@tax1099.com,S8,Support / help
taxdone.ch,contact@taxdone.ch,S9,Generic info / contact
taxrise.com,info@taxrise.com,S9,Generic info / contact
teachfloor.com,dmarc@teachfloor.com,Sx-c,DMARC reporting
tealhq.com,security@tealhq.com,S2,Security
teamcentral.ai,contact@teamcentral.ai,S9,Generic info / contact
teamgram.com,abuse@teamgram.com,S3,Abuse / trust / safety
teapot.sk,abuse@teapot.sk,S3,Abuse / trust / safety
techpromarketing.com,bernie@techpromarketing.com,Sx-b,Single-word local
techstars.com,help@techstars.com,S8,Support / help
techtree.dev,hello@techtree.dev,S9,Generic info / contact
tecro.dev,abuse@tecro.dev,S3,Abuse / trust / safety
tekst.com,security@tekst.com,S2,Security
tektonic.ai,abuse@tektonic.ai,S3,Abuse / trust / safety
tenderly.co,security@tenderly.co,S2,Security
termgrid.com,nagarjuna.reddy@termgrid.com,Sx-a,Real-person name
terminal49.com,abuse@terminal49.com,S3,Abuse / trust / safety
tesote.com,security@tesote.com,S2,Security
testdino.com,abuse@testdino.com,S3,Abuse / trust / safety
testery.io,security@testery.io,S2,Security
texau.com,security@texau.com,S2,Security
text.com,support@text.com,S8,Support / help
textexpander.com,security@textexpander.com,S2,Security
thanks.co,abuse@thanks.co,S3,Abuse / trust / safety
thebridgecorp.com,abuse@thebridgecorp.com,S3,Abuse / trust / safety
thecontext.company,security@thecontext.company,S2,Security
thecrmphd.com,abuse@thecrmphd.com,S3,Abuse / trust / safety
thetappingsolution.com,contact@thetappingsolution.com,S9,Generic info / contact
thetoweldepot.com,abuse@thetoweldepot.com,S3,Abuse / trust / safety
thewhitebox.io,abuse@thewhitebox.io,S3,Abuse / trust / safety
thinksurance.de,support@thinksurance.de,S8
thisandthat.chat,security@thisandthat.chat,S2,Security
thoughtly.com,abuse@thoughtly.com,S3,Abuse / trust / safety
thrad.ai,abuse@thrad.ai,S3,Abuse / trust / safety
thredcloud.com,security@thredcloud.com,S2,Security
thrive.xyz,abuse@thrive.xyz,S3,Abuse / trust / safety
thrustflight.com,security@thrustflight.com,S2,Security
tickadoo.com,security@tickadoo.com,S2,Security
ticktick.com,abuse@ticktick.com,S3,Abuse / trust / safety
tigerofsweden.com,compliance@tigerofsweden.com,S4
tiled.co,security@tiled.co,S2,Security
timecamp.com,abuse@timecamp.com,S3,Abuse / trust / safety
timechimp.com,info@timechimp.com,S9,Generic info / contact
timesheet.io,support@timesheet.io,S8,Support / help
timetackle.com,support@timetackle.com,S8,Support / help
timoneilassociates.com,office@timoneilassociates.com,S9,Generic info / contact
tipranks.com,support@tipranks.com,S8
tldv.io,security@tldv.io,S2,Security
tnpgroup.co,abuse@tnpgroup.co,S3,Abuse / trust / safety
togal.ai,security@togal.ai,S2,Security
together.agency,hello@together.agency,S9,Generic info / contact
tokenterminal.com,abuse@tokenterminal.com,S3,Abuse / trust / safety
tolt.com,abuse@tolt.com,S3,Abuse / trust / safety
topchretien.com,abuse@topchretien.com,S3,Abuse / trust / safety
topshelfdistillers.com,abuse@topshelfdistillers.com,S3,Abuse / trust / safety
totemvc.com,support@totemvc.com,S8,Support / help
trackingplan.com,abuse@trackingplan.com,S3,Abuse / trust / safety
trackit.so,help@trackit.so,S8,Support / help
tracklution.com,hello@tracklution.com,S9,Generic info / contact
tradeshift.com,security@tradeshift.com,S2,Security
tradestation.com,institutionalsales@tradestation.com,S10,Sales / marketing / press
tradier.com,legal@tradier.com,S5,Legal / compliance
tradingeconomics.com,abuse@tradingeconomics.com,S3,Abuse / trust / safety
transkriptor.com,customer@transkriptor.com,Sx-b,Single-word local
transmark.ee,abuse@transmark.ee,S3,Abuse / trust / safety
transparently.ai,abuse@transparently.ai,S3,Abuse / trust / safety
travanto.de,info@travanto.de,S9,Generic info / contact
travel-code.com,abuse@travel-code.com,S3,Abuse / trust / safety
travelnest.com,security@travelnest.com,S2,Security
treety.co,abuse@treety.co,S3,Abuse / trust / safety
trenchsecurity.ai,security@trenchsecurity.ai,S2,Security
trendata.io,abuse@trendata.io,S3,Abuse / trust / safety
trent.ai,security@trent.ai,S2,Security
trepp.com,support@trepp.com,S8,Support / help
tribe.ai,security@tribe.ai,S2,Security
tribecrm.nl,security@tribecrm.nl,S2,Security
tricera.energy,info@tricera.energy,S9,Generic info / contact
trint.com,security@trint.com,S2,Security
triplewhale.com,abuse@triplewhale.com,S3,Abuse / trust / safety
truckstop.com,security@truckstop.com,S2,Security
trunk.io,security@trunk.io,S2,Security
trustgrid.io,security@trustgrid.io,S2,Security
tryfuse.ai,abuse@tryfuse.ai,S3,Abuse / trust / safety
tryhungry.com,abuse@tryhungry.com,S3,Abuse / trust / safety
tryprofound.com,security@tryprofound.com,S2,Security
tryscott.ai,security@tryscott.ai,S2,Security
tryspecter.com,dmarc@tryspecter.com,Sx-c,DMARC reporting
tuggerapp.com,dmarc@tuggerapp.com,Sx-c,DMARC reporting
twominutereports.com,support@twominutereports.com,S8,Support / help
twonas.com,abuse@twonas.com,S3,Abuse / trust / safety
unblock.global,dmarc-reports@unblock.global,Sx-c,DMARC reporting
uncover.co,join@uncover.co,S9,Generic info / contact
unei.com,hola@unei.com,S9,Generic info / contact
unest.co,abuse@unest.co,S3,Abuse / trust / safety
unifiqueinvest.com.br,dpo@unifiqueinvest.com.br,S4,Privacy / DPO / GDPR
unify-technologies.com,security@unify-technologies.com,S2,Security
uniqode.com,abuse@uniqode.com,S3,Abuse / trust / safety
unitic.co,abuse@unitic.co,S3,Abuse / trust / safety
unknowncyber.com,support@unknowncyber.com,S8,Support / help
unleash.so,security@unleash.so,S2,Security
unosecur.com,security@unosecur.com,S2,Security
untappd.com,security@untappd.com,S2,Security
upgraide.ai,abuse@upgraide.ai,S3,Abuse / trust / safety
upsales.com,info@upsales.com,S9,Generic info / contact
upsolve.ai,dmarcreports@upsolve.ai,Sx-c,DMARC reporting
upstox.com,support@upstox.com,S8,Support / help
upsun.com,security@upsun.com,S2,Security
uptimerobot.com,abuse@uptimerobot.com,S3,Abuse / trust / safety
upwind.io,security+dmarc-rua@upwind.io,S2,Security
urbancompany.com,shubhamyadav@urbancompany.com,Sx-b,Single-word local
usaequipmentdirect.com,orders@usaequipmentdirect.com,Sx-b,Single-word local
usbooths.com,tech@usbooths.com,Sx-b,Single-word local
useanvil.com,abuse@useanvil.com,S3,Abuse / trust / safety
usebear.ai,abuse@usebear.ai,S3,Abuse / trust / safety
userback.io,abuse@userback.io,S3,Abuse / trust / safety
userbrain.com,support@userbrain.com,S8,Support / help
userguiding.com,security@userguiding.com,S2,Security
usesynth.ai,abuse@usesynth.ai,S3,Abuse / trust / safety
ustwo.com,security@ustwo.com,S2,Security
vacationtracker.io,security@vacationtracker.io,S2,Security
valid.co,diegoiturralde@valid.co,S9,Generic info / contact
vallor.ai,abuse@vallor.ai,S3,Abuse / trust / safety
valuein.biz,support@valuein.biz,S8,Support / help
vanna.ai,abuse@vanna.ai,S3,Abuse / trust / safety
vanta.com,security@vanta.com,S2,Security
vantage.sh,security@vantage.sh,S2,Security
varden.se,abuse@varden.se,S3,Abuse / trust / safety
variance.com,support@variance.com,S8
varolio.io,team@varolio.io,S9,Generic info / contact
vblh.de,info@vblh.de,S9,Generic info / contact
vector.co,security@vector.co,S2,Security
veeam.com,security@veeam.com,S2,Security
vela.partners,engage@vela.partners,Sx-b,Single-word local
velocity-x.co,dmarc@velocity-x.co,Sx-c,DMARC reporting
vendon.net,abuse@vendon.net,S3,Abuse / trust / safety
versi.com.br,abuse@versi.com.br,S3,Abuse / trust / safety
verzel.com.br,ti@verzel.com.br,Sx-b,Single-word local
vessel.co,security@vessel.co,S2,Security
vetster.com,security@vetster.com,S2,Security
veyda.com,abuse@veyda.com,S3,Abuse / trust / safety
veylan.com,security@veylan.com,S2,Security
viasocket.com,support@viasocket.com,S8,Support / help
vico.io,abuse@vico.io,S3,Abuse / trust / safety
vidapp.com,success@vidapp.com,Sx-b,Single-word local
vidiq.com,security@vidiq.com,S2,Security
vidmob.com,security@vidmob.com,S2,Security
vigilatevision.com,abuse@vigilatevision.com,S3,Abuse / trust / safety
vimigo.io,postmaster@vimigo.io,S7,Admin / postmaster
violetlabs.com,abuse@violetlabs.com,S3,Abuse / trust / safety
viomba.com,security@viomba.com,S2,Security
virio.ai,abuse@virio.ai,S3,Abuse / trust / safety
visarun.ai,security@visarun.ai,S2,Security
viscosoft.com,abuse@viscosoft.com,S3,Abuse / trust / safety
visiblie.com,support@visiblie.com,S8,Support / help
visitingmedia.com,security@visitingmedia.com,S2,Security
visitiq.io,support@visitiq.io,S8
visitly.io,security@visitly.io,S2,Security
voiceflow.com,security@voiceflow.com,S2,Security
voiser.ai,support@voiser.ai,S8,Support / help
volta.ai,abuse@volta.ai,S3,Abuse / trust / safety
vondera.app,abuse@vondera.app,S3,Abuse / trust / safety
vori.com,abuse@vori.com,S3,Abuse / trust / safety
wafflepos.com,abuse@wafflepos.com,S3,Abuse / trust / safety
waldo.fyi,security@waldo.fyi,S2,Security
walead.ai,abuse@walead.ai,S3,Abuse / trust / safety
warmlyyours.com,social@warmlyyours.com,S1,PSIRT / CERT / SOC
wasabil.com,soporte@wasabil.com,S9
watchr.ai,contact@watchr.ai,S9,Generic info / contact
waterplan.com,security@waterplan.com,S2,Security
we-wealth.com,dmarc_report@we-wealth.com,Sx-c,DMARC reporting
web.de,report@bugbounty.web.de,S6,Reports / feedback
webflow.com,security@webflow.com,S2,Security
weblisters.com,support@weblisters.com,S8,Support / help
webucator.com,isunkes@webucator.com,Sx-b,Single-word local
wecover.co,abuse@wecover.co,S3,Abuse / trust / safety
weni.ai,abuse@weni.ai,S3,Abuse / trust / safety
wewood.eu,info@wewood.eu,S9,Generic info / contact
whaller.com,security@whaller.com,S2,Security
wheelocity.com,abuse@wheelocity.com,S3,Abuse / trust / safety
wheeltheworld.com,abuse@wheeltheworld.com,S3,Abuse / trust / safety
whimsical.com,security@whimsical.com,S2,Security
whisper.security,security@whisper.security,S2,Security
whistic.com,security@whistic.com,S2,Security
whitebridge.ai,abuse@whitebridge.ai,S3,Abuse / trust / safety
whodunit.fr,support@whodunit.fr,S8,Support / help
wholesome.co,help@wholesome.co,S8
whop.com,support@whop.com,S8
wikifarmer.com,abuse@wikifarmer.com,S3,Abuse / trust / safety
windsor.ai,hello@windsor.ai,S9,Generic info / contact
wisepops.com,security@wisepops.com,S2,Security
withlanai.com,security@withlanai.com,S2,Security
wiv.ai,security@wiv.ai,S2,Security
wiza.co,security@wiza.co,S2,Security
wodify.com,security@wodify.com,S2,Security
wokelo.ai,support@wokelo.ai,S8,Support / help
wonderway.io,security@wonderway.io,S2,Security
woowup.com,security@woowup.com,S2,Security
wordlift.io,marketing@wordlift.io,S10,Sales / marketing / press
workflowmax.com,security@workflowmax.com,S2,Security
workiro.com,help@workiro.com,S8,Support / help
workmagic.io,support@workmagic.io,S8
workpath.com,trust@workpath.com,S3,Abuse / trust / safety
workshops.de,abuse@workshops.de,S3,Abuse / trust / safety
worldbox.net,security@worldbox.net,S2,Security
writesonic.com,security@writesonic.com,S2,Security
wrld.tech,helpdesk@wrld.tech,S8,Support / help
xp.tickets,abuse@xp.tickets,S3,Abuse / trust / safety
xp.xyz,abuse@xp.xyz,S3,Abuse / trust / safety
xpoz.ai,support@xpoz.ai,S8,Support / help
xyt.one,security@xyt.one,S2,Security
ycharts.com,security@ycharts.com,S2,Security
yespo.io,abuse@yespo.io,S3,Abuse / trust / safety
yinzcam.com,rgandhi@yinzcam.com,S9,Generic info / contact
yonderhq.com,abuse@yonderhq.com,S3,Abuse / trust / safety
yourcounterpart.com,security@yourcounterpart.com,S2,Security
ypulse.com,abuse@ypulse.com,S3,Abuse / trust / safety
yuzedata.com,security@yuzedata.com,S2,Security
zapal.tech,abuse@zapal.tech,S3,Abuse / trust / safety
zapper.xyz,abuse@zapper.xyz,S3,Abuse / trust / safety
zaprinta.com,abuse@zaprinta.com,S3,Abuse / trust / safety
zapsign.co,abuse@zapsign.co,S3,Abuse / trust / safety
zapsign.com.br,security@zapsign.com.br,S2,Security
zaslat.cz,info@zaslat.cz,S9,Generic info / contact
zautre.com,abuse@zautre.com,S3,Abuse / trust / safety
zed.co,security@zed.co,S2,Security
zefram.com,abuse@zefram.com,S3,Abuse / trust / safety
zeliq.com,abuse@zeliq.com,S3,Abuse / trust / safety
zenrows.com,security@zenrows.com,S2,Security
zentronlabs.com,abuse@zentronlabs.com,S3,Abuse / trust / safety
zeroe.io,privacy@zeroe.io,S4
zerohiring.com,abuse@zerohiring.com,S3,Abuse / trust / safety
zesty.ai,security@zesty.ai,S2,Security
zigpoll.com,support@zigpoll.com,S8
zillow.com,security@zillow.com,S2,Security
zite.com,security@zite.com,S2,Security
zocks.io,abuse@zocks.io,S3,Abuse / trust / safety
zoominfo.com,security@zoominfo.com,S2,Security
zoviz.com,security@zoviz.com,S2,Security
ztex.co,security@ztex.co,S2,Security
zuma.ca,security@zuma.ca,S2,Security
